Ratings,Output
"[10, 8, 14, 14, 18, 6]","[0.14, 0.11, 0.2, 0.2, 0.26, 0.09]"
"[6, 3, 13, 19, 5, 7]","[0.11, 0.06, 0.25, 0.36, 0.09, 0.13]"
"[4, 1, 16, 2, 18, 14]","[0.07, 0.02, 0.29, 0.04, 0.33, 0.25]"
"[5, 4, 15, 4, 16, 6]","[0.1, 0.08, 0.3, 0.08, 0.32, 0.12]"
"[3, 14, 13, 8, 15, 1]","[0.06, 0.26, 0.24, 0.15, 0.28, 0.02]"
"[8, 14, 20, 18, 3, 12]","[0.11, 0.19, 0.27, 0.24, 0.04, 0.16]"
"[9, 13, 9, 4, 18, 4]","[0.16, 0.23, 0.16, 0.07, 0.32, 0.07]"
"[12, 1, 11, 9, 12, 1]","[0.26, 0.02, 0.24, 0.2, 0.26, 0.02]"
"[9, 10, 10, 7, 11, 9]","[0.16, 0.18, 0.18, 0.12, 0.2, 0.16]"
"[6, 14, 16, 6, 18, 18]","[0.08, 0.18, 0.21, 0.08, 0.23, 0.23]"
"[9, 4, 6, 20, 11, 17]","[0.13, 0.06, 0.09, 0.3, 0.16, 0.25]"
"[5, 10, 16, 18, 3, 19]","[0.07, 0.14, 0.23, 0.25, 0.04, 0.27]"
"[18, 2, 10, 1, 18, 3]","[0.35, 0.04, 0.19, 0.02, 0.35, 0.06]"
"[6, 5, 3, 3, 11, 16]","[0.14, 0.11, 0.07, 0.07, 0.25, 0.36]"
"[6, 13, 12, 20, 4, 8]","[0.1, 0.21, 0.19, 0.32, 0.06, 0.13]"
"[16, 11, 17, 17, 6, 6]","[0.22, 0.15, 0.23, 0.23, 0.08, 0.08]"
"[15, 7, 20, 5, 7, 20]","[0.2, 0.09, 0.27, 0.07, 0.09, 0.27]"
"[4, 2, 3, 20, 13, 20]","[0.06, 0.03, 0.05, 0.32, 0.21, 0.32]"
"[13, 13, 12, 18, 1, 6]","[0.21, 0.21, 0.19, 0.29, 0.02, 0.1]"
"[20, 12, 7, 7, 18, 1]","[0.31, 0.18, 0.11, 0.11, 0.28, 0.02]"
"[16, 13, 2, 17, 5, 8]","[0.26, 0.21, 0.03, 0.28, 0.08, 0.13]"
"[9, 16, 11, 10, 13, 11]","[0.13, 0.23, 0.16, 0.14, 0.19, 0.16]"
"[15, 18, 3, 6, 7, 14]","[0.24, 0.29, 0.05, 0.1, 0.11, 0.22]"
"[9, 11, 12, 5, 11, 17]","[0.14, 0.17, 0.18, 0.08, 0.17, 0.26]"
"[10, 13, 16, 4, 20, 19]","[0.12, 0.16, 0.2, 0.05, 0.24, 0.23]"
"[1, 9, 4, 15, 2, 12]","[0.02, 0.21, 0.09, 0.35, 0.05, 0.28]"
"[12, 6, 7, 17, 19, 4]","[0.18, 0.09, 0.11, 0.26, 0.29, 0.06]"
"[16, 3, 7, 15, 17, 17]","[0.21, 0.04, 0.09, 0.2, 0.23, 0.23]"
"[14, 12, 3, 3, 6, 15]","[0.26, 0.23, 0.06, 0.06, 0.11, 0.28]"
"[7, 2, 16, 17, 16, 14]","[0.1, 0.03, 0.22, 0.24, 0.22, 0.19]"
"[6, 17, 4, 13, 5, 18]","[0.1, 0.27, 0.06, 0.21, 0.08, 0.29]"
"[17, 2, 9, 12, 20, 20]","[0.21, 0.03, 0.11, 0.15, 0.25, 0.25]"
"[13, 5, 19, 2, 1, 12]","[0.25, 0.1, 0.37, 0.04, 0.02, 0.23]"
"[6, 5, 6, 7, 4, 16]","[0.14, 0.11, 0.14, 0.16, 0.09, 0.36]"
"[2, 3, 15, 16, 1, 19]","[0.04, 0.05, 0.27, 0.29, 0.02, 0.34]"
"[7, 19, 14, 19, 3, 1]","[0.11, 0.3, 0.22, 0.3, 0.05, 0.02]"
"[9, 11, 11, 17, 14, 5]","[0.13, 0.16, 0.16, 0.25, 0.21, 0.07]"
"[5, 14, 19, 6, 19, 13]","[0.07, 0.18, 0.25, 0.08, 0.25, 0.17]"
"[15, 15, 1, 8, 20, 1]","[0.25, 0.25, 0.02, 0.13, 0.33, 0.02]"
"[3, 20, 6, 16, 17, 1]","[0.05, 0.32, 0.1, 0.25, 0.27, 0.02]"
"[18, 3, 8, 5, 4, 8]","[0.39, 0.07, 0.17, 0.11, 0.09, 0.17]"
"[1, 2, 1, 3, 8, 4]","[0.05, 0.11, 0.05, 0.16, 0.42, 0.21]"
"[20, 2, 7, 7, 2, 4]","[0.48, 0.05, 0.17, 0.17, 0.05, 0.1]"
"[3, 19, 18, 7, 10, 19]","[0.04, 0.25, 0.24, 0.09, 0.13, 0.25]"
"[3, 1, 3, 13, 13, 14]","[0.06, 0.02, 0.06, 0.28, 0.28, 0.3]"
"[7, 15, 17, 3, 2, 7]","[0.14, 0.29, 0.33, 0.06, 0.04, 0.14]"
"[19, 13, 2, 2, 16, 18]","[0.27, 0.19, 0.03, 0.03, 0.23, 0.26]"
"[14, 19, 14, 14, 10, 9]","[0.17, 0.24, 0.17, 0.17, 0.12, 0.11]"
"[2, 19, 4, 20, 12, 18]","[0.03, 0.25, 0.05, 0.27, 0.16, 0.24]"
"[13, 20, 14, 3, 17, 5]","[0.18, 0.28, 0.19, 0.04, 0.24, 0.07]"
"[19, 17, 4, 3, 19, 7]","[0.28, 0.25, 0.06, 0.04, 0.28, 0.1]"
"[19, 20, 5, 17, 14, 3]","[0.24, 0.26, 0.06, 0.22, 0.18, 0.04]"
"[12, 7, 4, 8, 10, 5]","[0.26, 0.15, 0.09, 0.17, 0.22, 0.11]"
"[10, 13, 1, 20, 14, 20]","[0.13, 0.17, 0.01, 0.26, 0.18, 0.26]"
"[4, 14, 11, 1, 18, 13]","[0.07, 0.23, 0.18, 0.02, 0.3, 0.21]"
"[17, 8, 17, 15, 13, 20]","[0.19, 0.09, 0.19, 0.17, 0.14, 0.22]"
"[18, 6, 2, 7, 3, 1]","[0.49, 0.16, 0.05, 0.19, 0.08, 0.03]"
"[3, 12, 14, 3, 5, 13]","[0.06, 0.24, 0.28, 0.06, 0.1, 0.26]"
"[1, 13, 13, 7, 9, 19]","[0.02, 0.21, 0.21, 0.11, 0.15, 0.31]"
"[7, 3, 7, 11, 19, 18]","[0.11, 0.05, 0.11, 0.17, 0.29, 0.28]"
"[10, 19, 5, 5, 9, 10]","[0.17, 0.33, 0.09, 0.09, 0.16, 0.17]"
"[18, 7, 9, 1, 7, 17]","[0.31, 0.12, 0.15, 0.02, 0.12, 0.29]"
"[16, 7, 17, 20, 3, 15]","[0.21, 0.09, 0.22, 0.26, 0.04, 0.19]"
"[16, 18, 1, 1, 19, 18]","[0.22, 0.25, 0.01, 0.01, 0.26, 0.25]"
"[4, 17, 18, 13, 16, 13]","[0.05, 0.21, 0.22, 0.16, 0.2, 0.16]"
"[13, 6, 15, 10, 18, 17]","[0.16, 0.08, 0.19, 0.13, 0.23, 0.22]"
"[3, 4, 19, 9, 19, 9]","[0.05, 0.06, 0.3, 0.14, 0.3, 0.14]"
"[9, 14, 13, 15, 19, 16]","[0.1, 0.16, 0.15, 0.17, 0.22, 0.19]"
"[18, 8, 2, 19, 12, 19]","[0.23, 0.1, 0.03, 0.24, 0.15, 0.24]"
"[17, 11, 19, 7, 20, 13]","[0.2, 0.13, 0.22, 0.08, 0.23, 0.15]"
"[5, 6, 6, 12, 5, 18]","[0.1, 0.12, 0.12, 0.23, 0.1, 0.35]"
"[10, 8, 10, 3, 9, 4]","[0.23, 0.18, 0.23, 0.07, 0.2, 0.09]"
"[12, 15, 5, 17, 9, 12]","[0.17, 0.21, 0.07, 0.24, 0.13, 0.17]"
"[14, 4, 5, 13, 4, 5]","[0.31, 0.09, 0.11, 0.29, 0.09, 0.11]"
"[11, 10, 17, 5, 1, 1]","[0.24, 0.22, 0.38, 0.11, 0.02, 0.02]"
"[1, 2, 20, 11, 3, 17]","[0.02, 0.04, 0.37, 0.2, 0.06, 0.31]"
"[7, 2, 5, 16, 16, 18]","[0.11, 0.03, 0.08, 0.25, 0.25, 0.28]"
"[7, 7, 15, 13, 5, 7]","[0.13, 0.13, 0.28, 0.24, 0.09, 0.13]"
"[5, 14, 12, 2, 7, 4]","[0.11, 0.32, 0.27, 0.05, 0.16, 0.09]"
"[10, 15, 5, 1, 14, 2]","[0.21, 0.32, 0.11, 0.02, 0.3, 0.04]"
"[8, 14, 4, 14, 7, 15]","[0.13, 0.23, 0.06, 0.23, 0.11, 0.24]"
"[11, 4, 17, 4, 18, 2]","[0.2, 0.07, 0.3, 0.07, 0.32, 0.04]"
"[4, 4, 15, 12, 1, 10]","[0.09, 0.09, 0.33, 0.26, 0.02, 0.22]"
"[2, 13, 18, 4, 14, 9]","[0.03, 0.22, 0.3, 0.07, 0.23, 0.15]"
"[16, 17, 5, 8, 3, 19]","[0.24, 0.25, 0.07, 0.12, 0.04, 0.28]"
"[2, 6, 20, 20, 2, 2]","[0.04, 0.12, 0.38, 0.38, 0.04, 0.04]"
"[12, 6, 11, 2, 11, 16]","[0.21, 0.1, 0.19, 0.03, 0.19, 0.28]"
"[4, 6, 13, 5, 5, 1]","[0.12, 0.18, 0.38, 0.15, 0.15, 0.03]"
"[11, 18, 12, 19, 14, 4]","[0.14, 0.23, 0.15, 0.24, 0.18, 0.05]"
"[2, 10, 1, 7, 15, 1]","[0.06, 0.28, 0.03, 0.19, 0.42, 0.03]"
"[4, 7, 18, 12, 3, 12]","[0.07, 0.12, 0.32, 0.21, 0.05, 0.21]"
"[2, 7, 12, 7, 19, 6]","[0.04, 0.13, 0.23, 0.13, 0.36, 0.11]"
"[4, 9, 4, 15, 3, 17]","[0.08, 0.17, 0.08, 0.29, 0.06, 0.33]"
"[13, 2, 1, 2, 11, 9]","[0.34, 0.05, 0.03, 0.05, 0.29, 0.24]"
"[6, 6, 16, 20, 20, 5]","[0.08, 0.08, 0.22, 0.27, 0.27, 0.07]"
"[16, 17, 19, 14, 10, 7]","[0.19, 0.2, 0.23, 0.17, 0.12, 0.08]"
"[13, 10, 9, 7, 14, 13]","[0.2, 0.15, 0.14, 0.11, 0.21, 0.2]"
"[9, 14, 3, 8, 11, 16]","[0.15, 0.23, 0.05, 0.13, 0.18, 0.26]"
"[15, 12, 20, 19, 14, 6]","[0.17, 0.14, 0.23, 0.22, 0.16, 0.07]"
"[19, 1, 7, 15, 16, 13]","[0.27, 0.01, 0.1, 0.21, 0.23, 0.18]"
"[8, 8, 3, 7, 20, 2]","[0.17, 0.17, 0.06, 0.15, 0.42, 0.04]"
"[4, 8, 15, 11, 10, 16]","[0.06, 0.12, 0.23, 0.17, 0.16, 0.25]"
"[11, 2, 2, 2, 8, 8]","[0.33, 0.06, 0.06, 0.06, 0.24, 0.24]"
"[13, 10, 2, 18, 4, 9]","[0.23, 0.18, 0.04, 0.32, 0.07, 0.16]"
"[8, 2, 9, 2, 1, 15]","[0.22, 0.05, 0.24, 0.05, 0.03, 0.41]"
"[12, 1, 7, 2, 19, 18]","[0.2, 0.02, 0.12, 0.03, 0.32, 0.31]"
"[16, 4, 1, 19, 3, 14]","[0.28, 0.07, 0.02, 0.33, 0.05, 0.25]"
"[2, 1, 2, 5, 1, 8]","[0.11, 0.05, 0.11, 0.26, 0.05, 0.42]"
"[5, 14, 5, 12, 13, 12]","[0.08, 0.23, 0.08, 0.2, 0.21, 0.2]"
"[12, 7, 15, 14, 5, 2]","[0.22, 0.13, 0.27, 0.25, 0.09, 0.04]"
"[11, 13, 10, 10, 12, 13]","[0.16, 0.19, 0.14, 0.14, 0.17, 0.19]"
"[4, 1, 1, 3, 11, 10]","[0.13, 0.03, 0.03, 0.1, 0.37, 0.33]"
"[18, 19, 7, 7, 17, 9]","[0.23, 0.25, 0.09, 0.09, 0.22, 0.12]"
"[2, 7, 3, 14, 11, 9]","[0.04, 0.15, 0.07, 0.3, 0.24, 0.2]"
"[20, 9, 5, 2, 9, 8]","[0.38, 0.17, 0.09, 0.04, 0.17, 0.15]"
"[12, 8, 13, 4, 1, 8]","[0.26, 0.17, 0.28, 0.09, 0.02, 0.17]"
"[4, 11, 9, 15, 6, 10]","[0.07, 0.2, 0.16, 0.27, 0.11, 0.18]"
"[19, 6, 4, 14, 17, 18]","[0.24, 0.08, 0.05, 0.18, 0.22, 0.23]"
"[2, 4, 10, 16, 1, 2]","[0.06, 0.11, 0.29, 0.46, 0.03, 0.06]"
"[3, 18, 11, 19, 8, 20]","[0.04, 0.23, 0.14, 0.24, 0.1, 0.25]"
"[2, 12, 17, 16, 5, 3]","[0.04, 0.22, 0.31, 0.29, 0.09, 0.05]"
"[14, 12, 13, 2, 17, 9]","[0.21, 0.18, 0.19, 0.03, 0.25, 0.13]"
"[20, 7, 9, 7, 7, 15]","[0.31, 0.11, 0.14, 0.11, 0.11, 0.23]"
"[17, 8, 2, 16, 3, 6]","[0.33, 0.15, 0.04, 0.31, 0.06, 0.12]"
"[8, 17, 3, 19, 6, 14]","[0.12, 0.25, 0.04, 0.28, 0.09, 0.21]"
"[7, 12, 8, 2, 3, 10]","[0.17, 0.29, 0.19, 0.05, 0.07, 0.24]"
"[19, 1, 7, 14, 14, 13]","[0.28, 0.01, 0.1, 0.21, 0.21, 0.19]"
"[9, 20, 7, 14, 8, 9]","[0.13, 0.3, 0.1, 0.21, 0.12, 0.13]"
"[20, 7, 20, 1, 3, 8]","[0.34, 0.12, 0.34, 0.02, 0.05, 0.14]"
"[2, 16, 14, 7, 14, 9]","[0.03, 0.26, 0.23, 0.11, 0.23, 0.15]"
"[8, 9, 16, 6, 8, 2]","[0.16, 0.18, 0.33, 0.12, 0.16, 0.04]"
"[11, 4, 19, 13, 14, 5]","[0.17, 0.06, 0.29, 0.2, 0.21, 0.08]"
"[9, 4, 1, 19, 11, 14]","[0.16, 0.07, 0.02, 0.33, 0.19, 0.24]"
"[7, 2, 5, 5, 9, 12]","[0.17, 0.05, 0.12, 0.12, 0.23, 0.3]"
"[16, 8, 7, 14, 9, 3]","[0.28, 0.14, 0.12, 0.25, 0.16, 0.05]"
"[6, 3, 2, 17, 7, 19]","[0.11, 0.06, 0.04, 0.31, 0.13, 0.35]"
"[4, 17, 20, 4, 11, 17]","[0.05, 0.23, 0.27, 0.05, 0.15, 0.23]"
"[3, 3, 2, 8, 7, 13]","[0.08, 0.08, 0.06, 0.22, 0.19, 0.36]"
"[9, 7, 9, 13, 5, 13]","[0.16, 0.12, 0.16, 0.23, 0.09, 0.23]"
"[12, 7, 18, 18, 19, 16]","[0.13, 0.08, 0.2, 0.2, 0.21, 0.18]"
"[7, 7, 6, 3, 8, 20]","[0.14, 0.14, 0.12, 0.06, 0.16, 0.39]"
"[9, 18, 8, 4, 13, 20]","[0.12, 0.25, 0.11, 0.06, 0.18, 0.28]"
"[15, 8, 11, 14, 3, 12]","[0.24, 0.13, 0.17, 0.22, 0.05, 0.19]"
"[19, 2, 8, 6, 1, 15]","[0.37, 0.04, 0.16, 0.12, 0.02, 0.29]"
"[16, 17, 12, 11, 10, 19]","[0.19, 0.2, 0.14, 0.13, 0.12, 0.22]"
"[9, 3, 9, 9, 2, 18]","[0.18, 0.06, 0.18, 0.18, 0.04, 0.36]"
"[11, 14, 18, 3, 6, 17]","[0.16, 0.2, 0.26, 0.04, 0.09, 0.25]"
"[13, 18, 19, 9, 8, 10]","[0.17, 0.23, 0.25, 0.12, 0.1, 0.13]"
"[12, 9, 16, 19, 9, 15]","[0.15, 0.11, 0.2, 0.24, 0.11, 0.19]"
"[13, 8, 11, 2, 5, 12]","[0.25, 0.16, 0.22, 0.04, 0.1, 0.24]"
"[5, 17, 8, 20, 9, 8]","[0.07, 0.25, 0.12, 0.3, 0.13, 0.12]"
"[2, 6, 12, 8, 20, 9]","[0.04, 0.11, 0.21, 0.14, 0.35, 0.16]"
"[17, 6, 14, 12, 9, 19]","[0.22, 0.08, 0.18, 0.16, 0.12, 0.25]"
"[16, 16, 19, 3, 17, 6]","[0.21, 0.21, 0.25, 0.04, 0.22, 0.08]"
"[19, 9, 15, 6, 6, 19]","[0.26, 0.12, 0.2, 0.08, 0.08, 0.26]"
"[14, 14, 4, 3, 11, 7]","[0.26, 0.26, 0.08, 0.06, 0.21, 0.13]"
"[10, 2, 12, 16, 16, 15]","[0.14, 0.03, 0.17, 0.23, 0.23, 0.21]"
"[3, 3, 16, 20, 17, 18]","[0.04, 0.04, 0.21, 0.26, 0.22, 0.23]"
"[13, 12, 16, 18, 17, 3]","[0.16, 0.15, 0.2, 0.23, 0.22, 0.04]"
"[2, 1, 11, 11, 16, 1]","[0.05, 0.02, 0.26, 0.26, 0.38, 0.02]"
"[19, 12, 17, 18, 10, 4]","[0.24, 0.15, 0.21, 0.23, 0.12, 0.05]"
"[6, 17, 6, 11, 19, 6]","[0.09, 0.26, 0.09, 0.17, 0.29, 0.09]"
"[1, 18, 8, 7, 10, 8]","[0.02, 0.35, 0.15, 0.13, 0.19, 0.15]"
"[6, 17, 13, 20, 20, 10]","[0.07, 0.2, 0.15, 0.23, 0.23, 0.12]"
"[10, 7, 18, 5, 3, 18]","[0.16, 0.11, 0.3, 0.08, 0.05, 0.3]"
"[4, 20, 18, 20, 6, 4]","[0.06, 0.28, 0.25, 0.28, 0.08, 0.06]"
"[1, 18, 10, 20, 9, 3]","[0.02, 0.3, 0.16, 0.33, 0.15, 0.05]"
"[13, 1, 7, 19, 17, 1]","[0.22, 0.02, 0.12, 0.33, 0.29, 0.02]"
"[9, 18, 13, 11, 11, 1]","[0.14, 0.29, 0.21, 0.17, 0.17, 0.02]"
"[14, 4, 17, 18, 13, 18]","[0.17, 0.05, 0.2, 0.21, 0.15, 0.21]"
"[18, 5, 8, 12, 20, 7]","[0.26, 0.07, 0.11, 0.17, 0.29, 0.1]"
"[3, 8, 9, 15, 4, 19]","[0.05, 0.14, 0.16, 0.26, 0.07, 0.33]"
"[3, 18, 15, 10, 18, 18]","[0.04, 0.22, 0.18, 0.12, 0.22, 0.22]"
"[20, 17, 10, 10, 10, 3]","[0.29, 0.24, 0.14, 0.14, 0.14, 0.04]"
"[4, 14, 2, 19, 16, 13]","[0.06, 0.21, 0.03, 0.28, 0.24, 0.19]"
"[7, 1, 15, 4, 6, 11]","[0.16, 0.02, 0.34, 0.09, 0.14, 0.25]"
"[19, 1, 18, 5, 2, 18]","[0.3, 0.02, 0.29, 0.08, 0.03, 0.29]"
"[9, 20, 2, 19, 20, 14]","[0.11, 0.24, 0.02, 0.23, 0.24, 0.17]"
"[9, 16, 2, 14, 6, 16]","[0.14, 0.25, 0.03, 0.22, 0.1, 0.25]"
"[1, 16, 9, 1, 20, 2]","[0.02, 0.33, 0.18, 0.02, 0.41, 0.04]"
"[16, 5, 17, 15, 18, 17]","[0.18, 0.06, 0.19, 0.17, 0.2, 0.19]"
"[15, 14, 14, 19, 14, 6]","[0.18, 0.17, 0.17, 0.23, 0.17, 0.07]"
"[9, 19, 18, 2, 13, 11]","[0.12, 0.26, 0.25, 0.03, 0.18, 0.15]"
"[15, 10, 6, 12, 15, 9]","[0.22, 0.15, 0.09, 0.18, 0.22, 0.13]"
"[10, 8, 5, 16, 15, 4]","[0.17, 0.14, 0.09, 0.28, 0.26, 0.07]"
"[13, 16, 20, 10, 7, 15]","[0.16, 0.2, 0.25, 0.12, 0.09, 0.19]"
"[3, 12, 3, 7, 9, 12]","[0.07, 0.26, 0.07, 0.15, 0.2, 0.26]"
"[19, 5, 1, 10, 9, 6]","[0.38, 0.1, 0.02, 0.2, 0.18, 0.12]"
"[11, 14, 11, 9, 13, 14]","[0.15, 0.19, 0.15, 0.12, 0.18, 0.19]"
"[17, 8, 9, 1, 10, 9]","[0.31, 0.15, 0.17, 0.02, 0.19, 0.17]"
"[5, 13, 12, 13, 11, 19]","[0.07, 0.18, 0.16, 0.18, 0.15, 0.26]"
"[10, 7, 20, 4, 19, 18]","[0.13, 0.09, 0.26, 0.05, 0.24, 0.23]"
"[3, 3, 8, 17, 17, 3]","[0.06, 0.06, 0.16, 0.33, 0.33, 0.06]"
"[9, 11, 4, 2, 17, 12]","[0.16, 0.2, 0.07, 0.04, 0.31, 0.22]"
"[17, 3, 10, 9, 19, 13]","[0.24, 0.04, 0.14, 0.13, 0.27, 0.18]"
"[3, 10, 6, 11, 15, 3]","[0.06, 0.21, 0.12, 0.23, 0.31, 0.06]"
"[1, 14, 17, 14, 12, 3]","[0.02, 0.23, 0.28, 0.23, 0.2, 0.05]"
"[8, 9, 10, 7, 3, 10]","[0.17, 0.19, 0.21, 0.15, 0.06, 0.21]"
"[2, 17, 8, 9, 13, 19]","[0.03, 0.25, 0.12, 0.13, 0.19, 0.28]"
"[14, 7, 4, 3, 4, 13]","[0.31, 0.16, 0.09, 0.07, 0.09, 0.29]"
"[8, 20, 1, 13, 5, 8]","[0.15, 0.36, 0.02, 0.24, 0.09, 0.15]"
"[2, 18, 7, 6, 7, 8]","[0.04, 0.38, 0.15, 0.12, 0.15, 0.17]"
"[20, 17, 19, 18, 16, 16]","[0.19, 0.16, 0.18, 0.17, 0.15, 0.15]"
"[20, 1, 7, 6, 10, 20]","[0.31, 0.02, 0.11, 0.09, 0.16, 0.31]"
"[9, 5, 9, 12, 5, 5]","[0.2, 0.11, 0.2, 0.27, 0.11, 0.11]"
"[18, 5, 20, 1, 4, 11]","[0.31, 0.08, 0.34, 0.02, 0.07, 0.19]"
"[1, 4, 8, 17, 10, 14]","[0.02, 0.07, 0.15, 0.31, 0.19, 0.26]"
"[4, 10, 1, 2, 2, 13]","[0.12, 0.31, 0.03, 0.06, 0.06, 0.41]"
"[9, 12, 15, 3, 12, 11]","[0.15, 0.19, 0.24, 0.05, 0.19, 0.18]"
"[14, 9, 7, 19, 15, 12]","[0.18, 0.12, 0.09, 0.25, 0.2, 0.16]"
"[2, 5, 13, 18, 20, 2]","[0.03, 0.08, 0.22, 0.3, 0.33, 0.03]"
"[16, 6, 10, 7, 4, 16]","[0.27, 0.1, 0.17, 0.12, 0.07, 0.27]"
"[15, 17, 2, 13, 6, 9]","[0.24, 0.27, 0.03, 0.21, 0.1, 0.15]"
"[11, 20, 14, 15, 3, 4]","[0.16, 0.3, 0.21, 0.22, 0.04, 0.06]"
"[1, 14, 3, 7, 18, 4]","[0.02, 0.3, 0.06, 0.15, 0.38, 0.09]"
"[9, 18, 10, 16, 16, 13]","[0.11, 0.22, 0.12, 0.2, 0.2, 0.16]"
"[4, 14, 9, 8, 7, 2]","[0.09, 0.32, 0.2, 0.18, 0.16, 0.05]"
"[9, 17, 10, 9, 13, 17]","[0.12, 0.23, 0.13, 0.12, 0.17, 0.23]"
"[15, 3, 20, 20, 11, 5]","[0.2, 0.04, 0.27, 0.27, 0.15, 0.07]"
"[19, 11, 4, 10, 18, 6]","[0.28, 0.16, 0.06, 0.15, 0.26, 0.09]"
"[20, 16, 16, 4, 19, 20]","[0.21, 0.17, 0.17, 0.04, 0.2, 0.21]"
"[3, 15, 12, 7, 8, 14]","[0.05, 0.25, 0.2, 0.12, 0.14, 0.24]"
"[17, 10, 12, 11, 6, 7]","[0.27, 0.16, 0.19, 0.17, 0.1, 0.11]"
"[13, 13, 20, 14, 9, 12]","[0.16, 0.16, 0.25, 0.17, 0.11, 0.15]"
"[12, 8, 9, 8, 20, 3]","[0.2, 0.13, 0.15, 0.13, 0.33, 0.05]"
"[3, 13, 7, 12, 5, 6]","[0.07, 0.28, 0.15, 0.26, 0.11, 0.13]"
"[7, 11, 13, 14, 16, 20]","[0.09, 0.14, 0.16, 0.17, 0.2, 0.25]"
"[20, 16, 14, 20, 15, 6]","[0.22, 0.18, 0.15, 0.22, 0.16, 0.07]"
"[19, 16, 18, 5, 7, 6]","[0.27, 0.23, 0.25, 0.07, 0.1, 0.08]"
"[13, 6, 17, 17, 19, 18]","[0.14, 0.07, 0.19, 0.19, 0.21, 0.2]"
"[19, 12, 20, 17, 2, 6]","[0.25, 0.16, 0.26, 0.22, 0.03, 0.08]"
"[8, 17, 15, 6, 15, 20]","[0.1, 0.21, 0.19, 0.07, 0.19, 0.25]"
"[14, 9, 6, 4, 4, 19]","[0.25, 0.16, 0.11, 0.07, 0.07, 0.34]"
"[18, 8, 15, 12, 12, 18]","[0.22, 0.1, 0.18, 0.14, 0.14, 0.22]"
"[7, 18, 1, 13, 7, 6]","[0.13, 0.35, 0.02, 0.25, 0.13, 0.12]"
"[12, 3, 11, 14, 2, 3]","[0.27, 0.07, 0.24, 0.31, 0.04, 0.07]"
"[5, 16, 2, 19, 4, 14]","[0.08, 0.27, 0.03, 0.32, 0.07, 0.23]"
"[3, 15, 19, 12, 5, 19]","[0.04, 0.21, 0.26, 0.16, 0.07, 0.26]"
"[8, 18, 12, 17, 17, 16]","[0.09, 0.2, 0.14, 0.19, 0.19, 0.18]"
"[17, 19, 7, 2, 10, 5]","[0.28, 0.32, 0.12, 0.03, 0.17, 0.08]"
"[4, 14, 8, 14, 10, 7]","[0.07, 0.25, 0.14, 0.25, 0.18, 0.12]"
"[2, 12, 12, 6, 12, 16]","[0.03, 0.2, 0.2, 0.1, 0.2, 0.27]"
"[5, 14, 6, 19, 10, 10]","[0.08, 0.22, 0.09, 0.3, 0.16, 0.16]"
"[15, 11, 5, 17, 13, 3]","[0.23, 0.17, 0.08, 0.27, 0.2, 0.05]"
"[2, 8, 16, 6, 17, 3]","[0.04, 0.15, 0.31, 0.12, 0.33, 0.06]"
"[6, 14, 1, 19, 4, 19]","[0.1, 0.22, 0.02, 0.3, 0.06, 0.3]"
"[3, 3, 19, 2, 7, 6]","[0.07, 0.07, 0.47, 0.05, 0.17, 0.15]"
"[6, 2, 12, 1, 3, 19]","[0.14, 0.05, 0.28, 0.02, 0.07, 0.44]"
"[7, 12, 17, 5, 8, 8]","[0.12, 0.21, 0.3, 0.09, 0.14, 0.14]"
"[3, 19, 5, 13, 1, 14]","[0.05, 0.35, 0.09, 0.24, 0.02, 0.25]"
"[2, 2, 2, 1, 17, 1]","[0.08, 0.08, 0.08, 0.04, 0.68, 0.04]"
"[11, 2, 14, 13, 19, 8]","[0.16, 0.03, 0.21, 0.19, 0.28, 0.12]"
"[6, 17, 7, 6, 5, 7]","[0.12, 0.35, 0.15, 0.12, 0.1, 0.15]"
"[11, 18, 3, 19, 15, 4]","[0.16, 0.26, 0.04, 0.27, 0.21, 0.06]"
"[15, 8, 4, 2, 12, 3]","[0.34, 0.18, 0.09, 0.05, 0.27, 0.07]"
"[16, 7, 17, 15, 4, 2]","[0.26, 0.11, 0.28, 0.25, 0.07, 0.03]"
"[1, 3, 15, 7, 4, 20]","[0.02, 0.06, 0.3, 0.14, 0.08, 0.4]"
"[10, 13, 3, 2, 18, 3]","[0.2, 0.27, 0.06, 0.04, 0.37, 0.06]"
"[20, 12, 3, 15, 7, 18]","[0.27, 0.16, 0.04, 0.2, 0.09, 0.24]"
"[4, 14, 19, 17, 20, 19]","[0.04, 0.15, 0.2, 0.18, 0.22, 0.2]"
"[10, 2, 15, 6, 15, 7]","[0.18, 0.04, 0.27, 0.11, 0.27, 0.13]"
"[16, 4, 18, 17, 20, 11]","[0.19, 0.05, 0.21, 0.2, 0.23, 0.13]"
"[9, 20, 8, 7, 5, 12]","[0.15, 0.33, 0.13, 0.11, 0.08, 0.2]"
"[12, 18, 2, 2, 12, 3]","[0.24, 0.37, 0.04, 0.04, 0.24, 0.06]"
"[11, 3, 4, 13, 8, 18]","[0.19, 0.05, 0.07, 0.23, 0.14, 0.32]"
"[3, 8, 4, 14, 13, 9]","[0.06, 0.16, 0.08, 0.27, 0.25, 0.18]"
"[6, 13, 9, 19, 5, 14]","[0.09, 0.2, 0.14, 0.29, 0.08, 0.21]"
"[20, 11, 18, 13, 11, 1]","[0.27, 0.15, 0.24, 0.18, 0.15, 0.01]"
"[18, 5, 11, 16, 20, 19]","[0.2, 0.06, 0.12, 0.18, 0.22, 0.21]"
"[12, 10, 5, 2, 20, 6]","[0.22, 0.18, 0.09, 0.04, 0.36, 0.11]"
"[19, 20, 13, 3, 20, 19]","[0.2, 0.21, 0.14, 0.03, 0.21, 0.2]"
"[3, 14, 14, 14, 4, 19]","[0.04, 0.21, 0.21, 0.21, 0.06, 0.28]"
"[18, 10, 5, 4, 12, 8]","[0.32, 0.18, 0.09, 0.07, 0.21, 0.14]"
"[14, 11, 6, 18, 13, 18]","[0.17, 0.14, 0.07, 0.23, 0.16, 0.23]"
"[17, 12, 15, 18, 20, 4]","[0.2, 0.14, 0.17, 0.21, 0.23, 0.05]"
"[1, 5, 4, 5, 1, 18]","[0.03, 0.15, 0.12, 0.15, 0.03, 0.53]"
"[15, 20, 5, 15, 7, 11]","[0.21, 0.27, 0.07, 0.21, 0.1, 0.15]"
"[14, 3, 2, 9, 18, 14]","[0.23, 0.05, 0.03, 0.15, 0.3, 0.23]"
"[4, 20, 5, 20, 9, 8]","[0.06, 0.3, 0.08, 0.3, 0.14, 0.12]"
"[6, 11, 16, 1, 20, 8]","[0.1, 0.18, 0.26, 0.02, 0.32, 0.13]"
"[3, 4, 3, 7, 2, 10]","[0.1, 0.14, 0.1, 0.24, 0.07, 0.34]"
"[15, 5, 2, 8, 19, 18]","[0.22, 0.07, 0.03, 0.12, 0.28, 0.27]"
"[18, 12, 20, 18, 14, 18]","[0.18, 0.12, 0.2, 0.18, 0.14, 0.18]"
"[1, 17, 5, 18, 2, 3]","[0.02, 0.37, 0.11, 0.39, 0.04, 0.07]"
"[10, 16, 4, 10, 12, 18]","[0.14, 0.23, 0.06, 0.14, 0.17, 0.26]"
"[19, 10, 7, 6, 20, 10]","[0.26, 0.14, 0.1, 0.08, 0.28, 0.14]"
"[9, 9, 7, 12, 13, 8]","[0.16, 0.16, 0.12, 0.21, 0.22, 0.14]"
"[15, 5, 10, 2, 16, 17]","[0.23, 0.08, 0.15, 0.03, 0.25, 0.26]"
"[14, 20, 3, 12, 6, 9]","[0.22, 0.31, 0.05, 0.19, 0.09, 0.14]"
"[4, 2, 9, 3, 7, 3]","[0.14, 0.07, 0.32, 0.11, 0.25, 0.11]"
"[6, 20, 15, 7, 9, 10]","[0.09, 0.3, 0.22, 0.1, 0.13, 0.15]"
"[8, 16, 15, 3, 20, 6]","[0.12, 0.24, 0.22, 0.04, 0.29, 0.09]"
"[13, 15, 15, 3, 8, 13]","[0.19, 0.22, 0.22, 0.04, 0.12, 0.19]"
"[10, 9, 20, 11, 20, 14]","[0.12, 0.11, 0.24, 0.13, 0.24, 0.17]"
"[7, 3, 11, 15, 20, 10]","[0.11, 0.05, 0.17, 0.23, 0.3, 0.15]"
"[11, 19, 13, 7, 12, 15]","[0.14, 0.25, 0.17, 0.09, 0.16, 0.19]"
"[1, 18, 16, 9, 9, 10]","[0.02, 0.29, 0.25, 0.14, 0.14, 0.16]"
"[1, 7, 13, 3, 14, 5]","[0.02, 0.16, 0.3, 0.07, 0.33, 0.12]"
"[1, 2, 13, 18, 17, 11]","[0.02, 0.03, 0.21, 0.29, 0.27, 0.18]"
"[13, 14, 6, 9, 1, 7]","[0.26, 0.28, 0.12, 0.18, 0.02, 0.14]"
"[9, 6, 8, 10, 11, 8]","[0.17, 0.12, 0.15, 0.19, 0.21, 0.15]"
"[6, 6, 6, 18, 15, 6]","[0.11, 0.11, 0.11, 0.32, 0.26, 0.11]"
"[20, 12, 20, 18, 2, 9]","[0.25, 0.15, 0.25, 0.22, 0.02, 0.11]"
"[6, 19, 13, 8, 18, 7]","[0.08, 0.27, 0.18, 0.11, 0.25, 0.1]"
"[8, 15, 3, 13, 16, 17]","[0.11, 0.21, 0.04, 0.18, 0.22, 0.24]"
"[19, 16, 3, 15, 14, 6]","[0.26, 0.22, 0.04, 0.21, 0.19, 0.08]"
"[2, 19, 9, 20, 16, 3]","[0.03, 0.28, 0.13, 0.29, 0.23, 0.04]"
"[20, 20, 17, 6, 7, 18]","[0.23, 0.23, 0.19, 0.07, 0.08, 0.2]"
"[11, 5, 13, 4, 12, 4]","[0.22, 0.1, 0.27, 0.08, 0.24, 0.08]"
"[8, 3, 5, 15, 17, 3]","[0.16, 0.06, 0.1, 0.29, 0.33, 0.06]"
"[7, 16, 8, 3, 7, 2]","[0.16, 0.37, 0.19, 0.07, 0.16, 0.05]"
"[4, 4, 10, 1, 3, 13]","[0.11, 0.11, 0.29, 0.03, 0.09, 0.37]"
"[12, 12, 11, 17, 5, 11]","[0.18, 0.18, 0.16, 0.25, 0.07, 0.16]"
"[20, 20, 17, 20, 11, 13]","[0.2, 0.2, 0.17, 0.2, 0.11, 0.13]"
"[4, 19, 9, 2, 7, 15]","[0.07, 0.34, 0.16, 0.04, 0.12, 0.27]"
"[5, 13, 1, 2, 1, 11]","[0.15, 0.39, 0.03, 0.06, 0.03, 0.33]"
"[14, 12, 4, 2, 11, 20]","[0.22, 0.19, 0.06, 0.03, 0.17, 0.32]"
"[17, 14, 14, 6, 15, 2]","[0.25, 0.21, 0.21, 0.09, 0.22, 0.03]"
"[4, 19, 2, 1, 17, 14]","[0.07, 0.33, 0.04, 0.02, 0.3, 0.25]"
"[6, 7, 7, 15, 6, 20]","[0.1, 0.11, 0.11, 0.25, 0.1, 0.33]"
"[7, 8, 8, 10, 9, 20]","[0.11, 0.13, 0.13, 0.16, 0.15, 0.32]"
"[19, 6, 17, 10, 14, 18]","[0.23, 0.07, 0.2, 0.12, 0.17, 0.21]"
"[16, 9, 1, 18, 6, 6]","[0.29, 0.16, 0.02, 0.32, 0.11, 0.11]"
"[8, 8, 17, 10, 19, 3]","[0.12, 0.12, 0.26, 0.15, 0.29, 0.05]"
"[13, 18, 16, 2, 16, 15]","[0.16, 0.23, 0.2, 0.03, 0.2, 0.19]"
"[8, 19, 8, 4, 10, 17]","[0.12, 0.29, 0.12, 0.06, 0.15, 0.26]"
"[17, 18, 14, 18, 14, 10]","[0.19, 0.2, 0.15, 0.2, 0.15, 0.11]"
"[15, 1, 3, 4, 9, 17]","[0.31, 0.02, 0.06, 0.08, 0.18, 0.35]"
"[6, 13, 13, 6, 19, 9]","[0.09, 0.2, 0.2, 0.09, 0.29, 0.14]"
"[11, 4, 8, 1, 7, 3]","[0.32, 0.12, 0.24, 0.03, 0.21, 0.09]"
"[16, 9, 2, 17, 16, 17]","[0.21, 0.12, 0.03, 0.22, 0.21, 0.22]"
"[2, 12, 6, 4, 20, 8]","[0.04, 0.23, 0.12, 0.08, 0.38, 0.15]"
"[5, 8, 19, 20, 6, 6]","[0.08, 0.12, 0.3, 0.31, 0.09, 0.09]"
"[16, 12, 20, 18, 10, 18]","[0.17, 0.13, 0.21, 0.19, 0.11, 0.19]"
"[19, 3, 16, 8, 5, 9]","[0.32, 0.05, 0.27, 0.13, 0.08, 0.15]"
"[6, 18, 18, 9, 7, 20]","[0.08, 0.23, 0.23, 0.12, 0.09, 0.26]"
"[13, 8, 3, 2, 4, 5]","[0.37, 0.23, 0.09, 0.06, 0.11, 0.14]"
"[1, 11, 16, 7, 15, 15]","[0.02, 0.17, 0.25, 0.11, 0.23, 0.23]"
"[18, 8, 2, 5, 2, 12]","[0.38, 0.17, 0.04, 0.11, 0.04, 0.26]"
"[16, 10, 10, 12, 20, 14]","[0.2, 0.12, 0.12, 0.15, 0.24, 0.17]"
"[9, 18, 12, 9, 15, 16]","[0.11, 0.23, 0.15, 0.11, 0.19, 0.2]"
"[5, 20, 7, 10, 19, 8]","[0.07, 0.29, 0.1, 0.14, 0.28, 0.12]"
"[18, 20, 15, 15, 13, 13]","[0.19, 0.21, 0.16, 0.16, 0.14, 0.14]"
"[5, 11, 15, 11, 8, 14]","[0.08, 0.17, 0.23, 0.17, 0.12, 0.22]"
"[12, 12, 3, 8, 19, 10]","[0.19, 0.19, 0.05, 0.12, 0.3, 0.16]"
"[17, 14, 15, 7, 15, 17]","[0.2, 0.16, 0.18, 0.08, 0.18, 0.2]"
"[16, 9, 3, 1, 9, 8]","[0.35, 0.2, 0.07, 0.02, 0.2, 0.17]"
"[18, 13, 1, 6, 19, 6]","[0.29, 0.21, 0.02, 0.1, 0.3, 0.1]"
"[13, 18, 9, 9, 17, 16]","[0.16, 0.22, 0.11, 0.11, 0.21, 0.2]"
"[10, 11, 11, 5, 5, 15]","[0.18, 0.19, 0.19, 0.09, 0.09, 0.26]"
"[13, 8, 20, 10, 2, 11]","[0.2, 0.12, 0.31, 0.16, 0.03, 0.17]"
"[15, 1, 6, 6, 9, 17]","[0.28, 0.02, 0.11, 0.11, 0.17, 0.31]"
"[20, 14, 2, 16, 14, 5]","[0.28, 0.2, 0.03, 0.23, 0.2, 0.07]"
"[8, 20, 6, 11, 20, 9]","[0.11, 0.27, 0.08, 0.15, 0.27, 0.12]"
"[10, 5, 4, 16, 10, 6]","[0.2, 0.1, 0.08, 0.31, 0.2, 0.12]"
"[13, 11, 5, 11, 19, 9]","[0.19, 0.16, 0.07, 0.16, 0.28, 0.13]"
"[7, 16, 7, 12, 11, 19]","[0.1, 0.22, 0.1, 0.17, 0.15, 0.26]"
"[11, 15, 20, 8, 9, 13]","[0.14, 0.2, 0.26, 0.11, 0.12, 0.17]"
"[9, 2, 2, 12, 11, 16]","[0.17, 0.04, 0.04, 0.23, 0.21, 0.31]"
"[16, 4, 12, 12, 15, 9]","[0.24, 0.06, 0.18, 0.18, 0.22, 0.13]"
"[12, 16, 4, 7, 1, 10]","[0.24, 0.32, 0.08, 0.14, 0.02, 0.2]"
"[11, 18, 3, 18, 9, 14]","[0.15, 0.25, 0.04, 0.25, 0.12, 0.19]"
"[19, 18, 11, 10, 10, 6]","[0.26, 0.24, 0.15, 0.14, 0.14, 0.08]"
"[15, 1, 15, 7, 7, 10]","[0.27, 0.02, 0.27, 0.13, 0.13, 0.18]"
"[12, 11, 4, 15, 10, 17]","[0.17, 0.16, 0.06, 0.22, 0.14, 0.25]"
"[15, 7, 15, 9, 17, 6]","[0.22, 0.1, 0.22, 0.13, 0.25, 0.09]"
"[12, 8, 18, 13, 12, 14]","[0.16, 0.1, 0.23, 0.17, 0.16, 0.18]"
"[7, 10, 20, 11, 3, 19]","[0.1, 0.14, 0.29, 0.16, 0.04, 0.27]"
"[18, 16, 6, 2, 7, 2]","[0.35, 0.31, 0.12, 0.04, 0.14, 0.04]"
"[10, 6, 18, 20, 7, 17]","[0.13, 0.08, 0.23, 0.26, 0.09, 0.22]"
"[9, 6, 14, 2, 15, 13]","[0.15, 0.1, 0.24, 0.03, 0.25, 0.22]"
"[11, 2, 10, 2, 14, 20]","[0.19, 0.03, 0.17, 0.03, 0.24, 0.34]"
"[3, 6, 3, 11, 14, 5]","[0.07, 0.14, 0.07, 0.26, 0.33, 0.12]"
"[17, 14, 5, 19, 18, 5]","[0.22, 0.18, 0.06, 0.24, 0.23, 0.06]"
"[5, 6, 13, 1, 12, 19]","[0.09, 0.11, 0.23, 0.02, 0.21, 0.34]"
"[9, 15, 1, 20, 19, 3]","[0.13, 0.22, 0.01, 0.3, 0.28, 0.04]"
"[7, 15, 13, 16, 18, 17]","[0.08, 0.17, 0.15, 0.19, 0.21, 0.2]"
"[14, 4, 7, 1, 15, 12]","[0.26, 0.08, 0.13, 0.02, 0.28, 0.23]"
"[14, 18, 6, 4, 8, 9]","[0.24, 0.31, 0.1, 0.07, 0.14, 0.15]"
"[14, 7, 13, 9, 4, 14]","[0.23, 0.11, 0.21, 0.15, 0.07, 0.23]"
"[20, 14, 9, 17, 6, 9]","[0.27, 0.19, 0.12, 0.23, 0.08, 0.12]"
"[9, 15, 8, 18, 17, 2]","[0.13, 0.22, 0.12, 0.26, 0.25, 0.03]"
"[5, 8, 10, 14, 2, 7]","[0.11, 0.17, 0.22, 0.3, 0.04, 0.15]"
"[17, 8, 19, 11, 15, 14]","[0.2, 0.1, 0.23, 0.13, 0.18, 0.17]"
"[3, 5, 13, 9, 12, 18]","[0.05, 0.08, 0.22, 0.15, 0.2, 0.3]"
"[12, 11, 6, 16, 2, 12]","[0.2, 0.19, 0.1, 0.27, 0.03, 0.2]"
"[17, 1, 10, 3, 5, 16]","[0.33, 0.02, 0.19, 0.06, 0.1, 0.31]"
"[17, 13, 19, 13, 15, 14]","[0.19, 0.14, 0.21, 0.14, 0.16, 0.15]"
"[18, 14, 5, 10, 6, 7]","[0.3, 0.23, 0.08, 0.17, 0.1, 0.12]"
"[4, 9, 16, 17, 11, 11]","[0.06, 0.13, 0.24, 0.25, 0.16, 0.16]"
"[11, 17, 10, 9, 7, 9]","[0.17, 0.27, 0.16, 0.14, 0.11, 0.14]"
"[8, 2, 2, 14, 15, 2]","[0.19, 0.05, 0.05, 0.33, 0.35, 0.05]"
"[19, 19, 4, 11, 17, 17]","[0.22, 0.22, 0.05, 0.13, 0.2, 0.2]"
"[1, 4, 15, 15, 11, 1]","[0.02, 0.09, 0.32, 0.32, 0.23, 0.02]"
"[4, 3, 18, 17, 12, 8]","[0.06, 0.05, 0.29, 0.27, 0.19, 0.13]"
"[9, 6, 20, 13, 16, 8]","[0.12, 0.08, 0.28, 0.18, 0.22, 0.11]"
"[20, 6, 10, 6, 3, 4]","[0.41, 0.12, 0.2, 0.12, 0.06, 0.08]"
"[18, 18, 3, 1, 8, 5]","[0.34, 0.34, 0.06, 0.02, 0.15, 0.09]"
"[5, 12, 15, 1, 6, 19]","[0.09, 0.21, 0.26, 0.02, 0.1, 0.33]"
"[8, 10, 2, 14, 5, 16]","[0.15, 0.18, 0.04, 0.25, 0.09, 0.29]"
"[2, 10, 17, 5, 9, 20]","[0.03, 0.16, 0.27, 0.08, 0.14, 0.32]"
"[12, 2, 8, 2, 10, 6]","[0.3, 0.05, 0.2, 0.05, 0.25, 0.15]"
"[3, 18, 14, 17, 18, 9]","[0.04, 0.23, 0.18, 0.22, 0.23, 0.11]"
"[6, 19, 1, 3, 7, 4]","[0.15, 0.47, 0.03, 0.07, 0.17, 0.1]"
"[1, 5, 19, 3, 5, 9]","[0.02, 0.12, 0.45, 0.07, 0.12, 0.21]"
"[8, 10, 2, 15, 16, 18]","[0.12, 0.14, 0.03, 0.22, 0.23, 0.26]"
"[8, 2, 13, 18, 15, 13]","[0.12, 0.03, 0.19, 0.26, 0.22, 0.19]"
"[6, 18, 8, 18, 15, 7]","[0.08, 0.25, 0.11, 0.25, 0.21, 0.1]"
"[12, 18, 18, 14, 8, 17]","[0.14, 0.21, 0.21, 0.16, 0.09, 0.2]"
"[7, 4, 1, 1, 14, 11]","[0.18, 0.11, 0.03, 0.03, 0.37, 0.29]"
"[17, 3, 3, 20, 12, 12]","[0.25, 0.04, 0.04, 0.3, 0.18, 0.18]"
"[9, 7, 12, 9, 14, 3]","[0.17, 0.13, 0.22, 0.17, 0.26, 0.06]"
"[2, 2, 16, 14, 4, 7]","[0.04, 0.04, 0.36, 0.31, 0.09, 0.16]"
"[5, 6, 10, 20, 4, 14]","[0.08, 0.1, 0.17, 0.34, 0.07, 0.24]"
"[20, 10, 14, 13, 13, 16]","[0.23, 0.12, 0.16, 0.15, 0.15, 0.19]"
"[8, 18, 8, 6, 14, 9]","[0.13, 0.29, 0.13, 0.1, 0.22, 0.14]"
"[9, 4, 19, 10, 1, 19]","[0.15, 0.06, 0.31, 0.16, 0.02, 0.31]"
"[19, 19, 8, 14, 5, 16]","[0.23, 0.23, 0.1, 0.17, 0.06, 0.2]"
"[14, 1, 4, 3, 4, 12]","[0.37, 0.03, 0.11, 0.08, 0.11, 0.32]"
"[11, 16, 10, 11, 10, 18]","[0.14, 0.21, 0.13, 0.14, 0.13, 0.24]"
"[16, 18, 9, 13, 17, 7]","[0.2, 0.23, 0.11, 0.16, 0.21, 0.09]"
"[20, 4, 6, 7, 19, 20]","[0.26, 0.05, 0.08, 0.09, 0.25, 0.26]"
"[4, 18, 16, 7, 6, 3]","[0.07, 0.33, 0.3, 0.13, 0.11, 0.06]"
"[3, 17, 20, 3, 4, 1]","[0.06, 0.35, 0.42, 0.06, 0.08, 0.02]"
"[10, 19, 19, 14, 14, 1]","[0.13, 0.25, 0.25, 0.18, 0.18, 0.01]"
"[12, 2, 19, 15, 16, 20]","[0.14, 0.02, 0.23, 0.18, 0.19, 0.24]"
"[20, 17, 13, 5, 19, 9]","[0.24, 0.2, 0.16, 0.06, 0.23, 0.11]"
"[18, 16, 16, 9, 3, 4]","[0.27, 0.24, 0.24, 0.14, 0.05, 0.06]"
"[12, 14, 8, 2, 4, 14]","[0.22, 0.26, 0.15, 0.04, 0.07, 0.26]"
"[4, 2, 16, 6, 11, 20]","[0.07, 0.03, 0.27, 0.1, 0.19, 0.34]"
"[16, 13, 12, 9, 7, 20]","[0.21, 0.17, 0.16, 0.12, 0.09, 0.26]"
"[5, 7, 3, 14, 15, 13]","[0.09, 0.12, 0.05, 0.25, 0.26, 0.23]"
"[6, 6, 1, 18, 18, 10]","[0.1, 0.1, 0.02, 0.31, 0.31, 0.17]"
"[18, 4, 10, 13, 7, 18]","[0.26, 0.06, 0.14, 0.19, 0.1, 0.26]"
"[8, 12, 6, 8, 17, 5]","[0.14, 0.21, 0.11, 0.14, 0.3, 0.09]"
"[16, 18, 12, 8, 14, 17]","[0.19, 0.21, 0.14, 0.09, 0.16, 0.2]"
"[8, 10, 1, 19, 17, 20]","[0.11, 0.13, 0.01, 0.25, 0.23, 0.27]"
"[6, 4, 13, 20, 20, 4]","[0.09, 0.06, 0.19, 0.3, 0.3, 0.06]"
"[3, 16, 6, 11, 3, 1]","[0.07, 0.4, 0.15, 0.28, 0.07, 0.03]"
"[20, 16, 15, 2, 10, 15]","[0.26, 0.21, 0.19, 0.03, 0.13, 0.19]"
"[17, 3, 9, 9, 5, 5]","[0.35, 0.06, 0.19, 0.19, 0.1, 0.1]"
"[20, 19, 7, 7, 18, 9]","[0.25, 0.24, 0.09, 0.09, 0.23, 0.11]"
"[5, 2, 16, 7, 9, 15]","[0.09, 0.04, 0.3, 0.13, 0.17, 0.28]"
"[18, 16, 16, 20, 15, 20]","[0.17, 0.15, 0.15, 0.19, 0.14, 0.19]"
"[1, 1, 10, 2, 1, 14]","[0.03, 0.03, 0.34, 0.07, 0.03, 0.48]"
"[2, 16, 4, 8, 8, 19]","[0.04, 0.28, 0.07, 0.14, 0.14, 0.33]"
"[15, 17, 19, 13, 5, 8]","[0.19, 0.22, 0.25, 0.17, 0.06, 0.1]"
"[9, 3, 12, 14, 1, 14]","[0.17, 0.06, 0.23, 0.26, 0.02, 0.26]"
"[2, 18, 5, 9, 10, 1]","[0.04, 0.4, 0.11, 0.2, 0.22, 0.02]"
"[9, 19, 10, 9, 19, 7]","[0.12, 0.26, 0.14, 0.12, 0.26, 0.1]"
"[18, 18, 20, 9, 20, 20]","[0.17, 0.17, 0.19, 0.09, 0.19, 0.19]"
"[20, 8, 16, 1, 14, 17]","[0.26, 0.11, 0.21, 0.01, 0.18, 0.22]"
"[19, 11, 20, 17, 10, 10]","[0.22, 0.13, 0.23, 0.2, 0.11, 0.11]"
"[6, 7, 2, 1, 12, 19]","[0.13, 0.15, 0.04, 0.02, 0.26, 0.4]"
"[2, 3, 10, 6, 19, 5]","[0.04, 0.07, 0.22, 0.13, 0.42, 0.11]"
"[13, 11, 15, 6, 5, 3]","[0.25, 0.21, 0.28, 0.11, 0.09, 0.06]"
"[12, 15, 15, 16, 20, 15]","[0.13, 0.16, 0.16, 0.17, 0.22, 0.16]"
"[10, 9, 2, 11, 4, 5]","[0.24, 0.22, 0.05, 0.27, 0.1, 0.12]"
"[17, 4, 2, 4, 7, 5]","[0.44, 0.1, 0.05, 0.1, 0.18, 0.13]"
"[20, 12, 15, 12, 5, 3]","[0.3, 0.18, 0.22, 0.18, 0.07, 0.04]"
"[6, 1, 3, 13, 8, 15]","[0.13, 0.02, 0.07, 0.28, 0.17, 0.33]"
"[15, 7, 1, 17, 19, 19]","[0.19, 0.09, 0.01, 0.22, 0.24, 0.24]"
"[5, 15, 5, 18, 17, 8]","[0.07, 0.22, 0.07, 0.26, 0.25, 0.12]"
"[6, 10, 18, 15, 4, 2]","[0.11, 0.18, 0.33, 0.27, 0.07, 0.04]"
"[4, 2, 18, 6, 2, 12]","[0.09, 0.05, 0.41, 0.14, 0.05, 0.27]"
"[6, 2, 5, 14, 14, 2]","[0.14, 0.05, 0.12, 0.33, 0.33, 0.05]"
"[20, 15, 7, 18, 14, 12]","[0.23, 0.17, 0.08, 0.21, 0.16, 0.14]"
"[9, 3, 14, 9, 1, 1]","[0.24, 0.08, 0.38, 0.24, 0.03, 0.03]"
"[18, 7, 18, 16, 14, 18]","[0.2, 0.08, 0.2, 0.18, 0.15, 0.2]"
"[19, 16, 2, 15, 7, 12]","[0.27, 0.23, 0.03, 0.21, 0.1, 0.17]"
"[3, 20, 2, 10, 17, 8]","[0.05, 0.33, 0.03, 0.17, 0.28, 0.13]"
"[9, 13, 14, 19, 4, 14]","[0.12, 0.18, 0.19, 0.26, 0.05, 0.19]"
"[8, 11, 2, 12, 15, 2]","[0.16, 0.22, 0.04, 0.24, 0.3, 0.04]"
"[13, 17, 12, 8, 18, 17]","[0.15, 0.2, 0.14, 0.09, 0.21, 0.2]"
"[19, 17, 7, 14, 9, 19]","[0.22, 0.2, 0.08, 0.16, 0.11, 0.22]"
"[6, 4, 7, 18, 10, 8]","[0.11, 0.08, 0.13, 0.34, 0.19, 0.15]"
"[7, 2, 20, 5, 7, 10]","[0.14, 0.04, 0.39, 0.1, 0.14, 0.2]"
"[2, 14, 13, 5, 1, 5]","[0.05, 0.35, 0.33, 0.12, 0.03, 0.12]"
"[9, 20, 11, 12, 19, 12]","[0.11, 0.24, 0.13, 0.14, 0.23, 0.14]"
"[1, 9, 2, 14, 11, 17]","[0.02, 0.17, 0.04, 0.26, 0.2, 0.31]"
"[15, 19, 11, 18, 18, 5]","[0.17, 0.22, 0.13, 0.21, 0.21, 0.06]"
"[18, 9, 9, 11, 17, 2]","[0.27, 0.14, 0.14, 0.17, 0.26, 0.03]"
"[13, 3, 2, 12, 15, 17]","[0.21, 0.05, 0.03, 0.19, 0.24, 0.27]"
"[10, 19, 9, 20, 5, 4]","[0.15, 0.28, 0.13, 0.3, 0.07, 0.06]"
"[13, 19, 15, 17, 11, 12]","[0.15, 0.22, 0.17, 0.2, 0.13, 0.14]"
"[2, 4, 19, 17, 19, 11]","[0.03, 0.06, 0.26, 0.24, 0.26, 0.15]"
"[15, 2, 16, 19, 5, 2]","[0.25, 0.03, 0.27, 0.32, 0.08, 0.03]"
"[7, 19, 12, 9, 15, 14]","[0.09, 0.25, 0.16, 0.12, 0.2, 0.18]"
"[10, 4, 4, 15, 4, 3]","[0.25, 0.1, 0.1, 0.38, 0.1, 0.07]"
"[11, 7, 13, 2, 4, 1]","[0.29, 0.18, 0.34, 0.05, 0.11, 0.03]"
"[4, 5, 1, 7, 6, 9]","[0.12, 0.16, 0.03, 0.22, 0.19, 0.28]"
"[2, 14, 1, 16, 15, 10]","[0.03, 0.24, 0.02, 0.28, 0.26, 0.17]"
"[17, 19, 2, 14, 5, 3]","[0.28, 0.32, 0.03, 0.23, 0.08, 0.05]"
"[12, 3, 18, 16, 12, 15]","[0.16, 0.04, 0.24, 0.21, 0.16, 0.2]"
"[10, 9, 7, 10, 9, 1]","[0.22, 0.2, 0.15, 0.22, 0.2, 0.02]"
"[20, 18, 12, 17, 14, 20]","[0.2, 0.18, 0.12, 0.17, 0.14, 0.2]"
"[1, 2, 4, 16, 8, 1]","[0.03, 0.06, 0.12, 0.5, 0.25, 0.03]"
"[7, 10, 12, 17, 11, 3]","[0.12, 0.17, 0.2, 0.28, 0.18, 0.05]"
"[1, 3, 4, 2, 2, 5]","[0.06, 0.18, 0.24, 0.12, 0.12, 0.29]"
"[19, 15, 20, 17, 1, 20]","[0.21, 0.16, 0.22, 0.18, 0.01, 0.22]"
"[2, 2, 6, 3, 17, 16]","[0.04, 0.04, 0.13, 0.07, 0.37, 0.35]"
"[14, 1, 8, 17, 9, 17]","[0.21, 0.02, 0.12, 0.26, 0.14, 0.26]"
"[11, 17, 13, 2, 11, 8]","[0.18, 0.27, 0.21, 0.03, 0.18, 0.13]"
"[7, 2, 19, 2, 18, 16]","[0.11, 0.03, 0.3, 0.03, 0.28, 0.25]"
"[1, 14, 13, 7, 7, 9]","[0.02, 0.27, 0.25, 0.14, 0.14, 0.18]"
"[13, 2, 14, 8, 1, 14]","[0.25, 0.04, 0.27, 0.15, 0.02, 0.27]"
"[5, 14, 7, 1, 19, 14]","[0.08, 0.23, 0.12, 0.02, 0.32, 0.23]"
"[1, 1, 18, 9, 19, 2]","[0.02, 0.02, 0.36, 0.18, 0.38, 0.04]"
"[3, 1, 15, 10, 12, 17]","[0.05, 0.02, 0.26, 0.17, 0.21, 0.29]"
"[11, 13, 20, 17, 13, 15]","[0.12, 0.15, 0.22, 0.19, 0.15, 0.17]"
"[13, 8, 13, 12, 2, 20]","[0.19, 0.12, 0.19, 0.18, 0.03, 0.29]"
"[6, 11, 14, 15, 4, 10]","[0.1, 0.18, 0.23, 0.25, 0.07, 0.17]"
"[13, 3, 8, 6, 6, 18]","[0.24, 0.06, 0.15, 0.11, 0.11, 0.33]"
"[7, 19, 1, 20, 8, 16]","[0.1, 0.27, 0.01, 0.28, 0.11, 0.23]"
"[16, 16, 9, 14, 20, 4]","[0.2, 0.2, 0.11, 0.18, 0.25, 0.05]"
"[10, 10, 3, 1, 20, 20]","[0.16, 0.16, 0.05, 0.02, 0.31, 0.31]"
"[2, 3, 10, 13, 10, 10]","[0.04, 0.06, 0.21, 0.27, 0.21, 0.21]"
"[17, 7, 20, 11, 16, 14]","[0.2, 0.08, 0.24, 0.13, 0.19, 0.16]"
"[8, 2, 8, 5, 19, 10]","[0.15, 0.04, 0.15, 0.1, 0.37, 0.19]"
"[20, 9, 12, 10, 12, 15]","[0.26, 0.12, 0.15, 0.13, 0.15, 0.19]"
"[18, 6, 9, 18, 7, 4]","[0.29, 0.1, 0.15, 0.29, 0.11, 0.06]"
"[12, 4, 20, 20, 10, 10]","[0.16, 0.05, 0.26, 0.26, 0.13, 0.13]"
"[16, 20, 10, 20, 13, 4]","[0.19, 0.24, 0.12, 0.24, 0.16, 0.05]"
"[18, 13, 16, 14, 12, 9]","[0.22, 0.16, 0.2, 0.17, 0.15, 0.11]"
"[2, 18, 18, 12, 17, 11]","[0.03, 0.23, 0.23, 0.15, 0.22, 0.14]"
"[15, 5, 14, 15, 7, 4]","[0.25, 0.08, 0.23, 0.25, 0.12, 0.07]"
"[4, 15, 10, 8, 14, 1]","[0.08, 0.29, 0.19, 0.15, 0.27, 0.02]"
"[15, 9, 11, 9, 6, 18]","[0.22, 0.13, 0.16, 0.13, 0.09, 0.26]"
"[18, 13, 13, 11, 4, 13]","[0.25, 0.18, 0.18, 0.15, 0.06, 0.18]"
"[13, 1, 18, 5, 9, 10]","[0.23, 0.02, 0.32, 0.09, 0.16, 0.18]"
"[5, 6, 10, 18, 12, 15]","[0.08, 0.09, 0.15, 0.27, 0.18, 0.23]"
"[15, 9, 20, 13, 19, 12]","[0.17, 0.1, 0.23, 0.15, 0.22, 0.14]"
"[11, 7, 7, 2, 19, 1]","[0.23, 0.15, 0.15, 0.04, 0.4, 0.02]"
"[10, 2, 7, 7, 6, 9]","[0.24, 0.05, 0.17, 0.17, 0.15, 0.22]"
"[9, 13, 17, 8, 2, 18]","[0.13, 0.19, 0.25, 0.12, 0.03, 0.27]"
"[13, 8, 16, 17, 8, 10]","[0.18, 0.11, 0.22, 0.24, 0.11, 0.14]"
"[20, 12, 18, 13, 3, 4]","[0.29, 0.17, 0.26, 0.19, 0.04, 0.06]"
"[9, 16, 1, 9, 1, 14]","[0.18, 0.32, 0.02, 0.18, 0.02, 0.28]"
"[7, 14, 5, 9, 1, 15]","[0.14, 0.27, 0.1, 0.18, 0.02, 0.29]"
"[5, 3, 18, 7, 3, 17]","[0.09, 0.06, 0.34, 0.13, 0.06, 0.32]"
"[6, 14, 16, 17, 1, 4]","[0.1, 0.24, 0.28, 0.29, 0.02, 0.07]"
"[18, 17, 5, 6, 19, 12]","[0.23, 0.22, 0.06, 0.08, 0.25, 0.16]"
"[17, 4, 18, 14, 15, 13]","[0.21, 0.05, 0.22, 0.17, 0.19, 0.16]"
"[9, 12, 17, 5, 2, 7]","[0.17, 0.23, 0.33, 0.1, 0.04, 0.13]"
"[3, 10, 12, 10, 6, 20]","[0.05, 0.16, 0.2, 0.16, 0.1, 0.33]"
"[4, 19, 13, 10, 11, 13]","[0.06, 0.27, 0.19, 0.14, 0.16, 0.19]"
"[13, 20, 11, 19, 8, 15]","[0.15, 0.23, 0.13, 0.22, 0.09, 0.17]"
"[11, 8, 20, 16, 17, 19]","[0.12, 0.09, 0.22, 0.18, 0.19, 0.21]"
"[20, 5, 6, 12, 13, 15]","[0.28, 0.07, 0.08, 0.17, 0.18, 0.21]"
"[3, 7, 14, 5, 4, 8]","[0.07, 0.17, 0.34, 0.12, 0.1, 0.2]"
"[19, 18, 11, 16, 3, 9]","[0.25, 0.24, 0.14, 0.21, 0.04, 0.12]"
"[4, 4, 2, 7, 2, 19]","[0.11, 0.11, 0.05, 0.18, 0.05, 0.5]"
"[5, 12, 2, 6, 4, 11]","[0.12, 0.3, 0.05, 0.15, 0.1, 0.28]"
"[8, 5, 9, 4, 3, 6]","[0.23, 0.14, 0.26, 0.11, 0.09, 0.17]"
"[12, 4, 11, 9, 18, 2]","[0.21, 0.07, 0.2, 0.16, 0.32, 0.04]"
"[20, 11, 18, 1, 19, 20]","[0.22, 0.12, 0.2, 0.01, 0.21, 0.22]"
"[13, 15, 6, 11, 17, 6]","[0.19, 0.22, 0.09, 0.16, 0.25, 0.09]"
"[15, 3, 20, 16, 13, 5]","[0.21, 0.04, 0.28, 0.22, 0.18, 0.07]"
"[13, 5, 10, 10, 16, 17]","[0.18, 0.07, 0.14, 0.14, 0.23, 0.24]"
"[12, 14, 12, 12, 6, 8]","[0.19, 0.22, 0.19, 0.19, 0.09, 0.12]"
"[14, 20, 4, 5, 14, 4]","[0.23, 0.33, 0.07, 0.08, 0.23, 0.07]"
"[4, 15, 2, 18, 7, 11]","[0.07, 0.26, 0.04, 0.32, 0.12, 0.19]"
"[5, 4, 18, 18, 12, 20]","[0.06, 0.05, 0.23, 0.23, 0.16, 0.26]"
"[1, 2, 4, 10, 13, 13]","[0.02, 0.05, 0.09, 0.23, 0.3, 0.3]"
"[15, 17, 11, 4, 18, 20]","[0.18, 0.2, 0.13, 0.05, 0.21, 0.24]"
"[1, 15, 8, 10, 17, 4]","[0.02, 0.27, 0.15, 0.18, 0.31, 0.07]"
"[15, 11, 4, 10, 15, 11]","[0.23, 0.17, 0.06, 0.15, 0.23, 0.17]"
"[15, 8, 11, 16, 6, 6]","[0.24, 0.13, 0.18, 0.26, 0.1, 0.1]"
"[6, 20, 18, 6, 4, 8]","[0.1, 0.32, 0.29, 0.1, 0.06, 0.13]"
"[19, 8, 16, 7, 18, 14]","[0.23, 0.1, 0.2, 0.09, 0.22, 0.17]"
"[16, 2, 11, 9, 14, 8]","[0.27, 0.03, 0.18, 0.15, 0.23, 0.13]"
"[6, 15, 4, 1, 19, 13]","[0.1, 0.26, 0.07, 0.02, 0.33, 0.22]"
"[15, 8, 7, 13, 18, 14]","[0.2, 0.11, 0.09, 0.17, 0.24, 0.19]"
"[7, 11, 4, 2, 15, 15]","[0.13, 0.2, 0.07, 0.04, 0.28, 0.28]"
"[14, 17, 10, 6, 16, 15]","[0.18, 0.22, 0.13, 0.08, 0.21, 0.19]"
"[3, 1, 12, 19, 13, 4]","[0.06, 0.02, 0.23, 0.37, 0.25, 0.08]"
"[6, 2, 9, 4, 6, 5]","[0.19, 0.06, 0.28, 0.12, 0.19, 0.16]"
"[13, 11, 12, 11, 10, 10]","[0.19, 0.16, 0.18, 0.16, 0.15, 0.15]"
"[5, 17, 4, 4, 7, 1]","[0.13, 0.45, 0.11, 0.11, 0.18, 0.03]"
"[11, 20, 14, 4, 18, 9]","[0.14, 0.26, 0.18, 0.05, 0.24, 0.12]"
"[11, 4, 19, 10, 6, 16]","[0.17, 0.06, 0.29, 0.15, 0.09, 0.24]"
"[15, 19, 6, 18, 14, 1]","[0.21, 0.26, 0.08, 0.25, 0.19, 0.01]"
"[18, 1, 7, 6, 9, 17]","[0.31, 0.02, 0.12, 0.1, 0.16, 0.29]"
"[20, 10, 1, 15, 13, 13]","[0.28, 0.14, 0.01, 0.21, 0.18, 0.18]"
"[20, 13, 7, 7, 2, 4]","[0.38, 0.25, 0.13, 0.13, 0.04, 0.08]"
"[6, 13, 14, 17, 9, 20]","[0.08, 0.16, 0.18, 0.22, 0.11, 0.25]"
"[12, 10, 3, 9, 4, 19]","[0.21, 0.18, 0.05, 0.16, 0.07, 0.33]"
"[7, 17, 7, 6, 9, 1]","[0.15, 0.36, 0.15, 0.13, 0.19, 0.02]"
"[15, 9, 11, 14, 16, 15]","[0.19, 0.11, 0.14, 0.17, 0.2, 0.19]"
"[14, 18, 19, 2, 3, 6]","[0.23, 0.29, 0.31, 0.03, 0.05, 0.1]"
"[13, 4, 2, 3, 19, 20]","[0.21, 0.07, 0.03, 0.05, 0.31, 0.33]"
"[6, 7, 20, 20, 19, 19]","[0.07, 0.08, 0.22, 0.22, 0.21, 0.21]"
"[8, 7, 4, 16, 2, 4]","[0.2, 0.17, 0.1, 0.39, 0.05, 0.1]"
"[13, 9, 19, 3, 2, 10]","[0.23, 0.16, 0.34, 0.05, 0.04, 0.18]"
"[9, 6, 5, 11, 8, 18]","[0.16, 0.11, 0.09, 0.19, 0.14, 0.32]"
"[4, 13, 14, 11, 15, 16]","[0.05, 0.18, 0.19, 0.15, 0.21, 0.22]"
"[8, 5, 1, 14, 14, 17]","[0.14, 0.08, 0.02, 0.24, 0.24, 0.29]"
"[19, 18, 14, 1, 12, 18]","[0.23, 0.22, 0.17, 0.01, 0.15, 0.22]"
"[1, 1, 14, 13, 3, 11]","[0.02, 0.02, 0.33, 0.3, 0.07, 0.26]"
"[8, 3, 1, 13, 2, 19]","[0.17, 0.07, 0.02, 0.28, 0.04, 0.41]"
"[4, 13, 18, 5, 4, 10]","[0.07, 0.24, 0.33, 0.09, 0.07, 0.19]"
"[15, 13, 6, 11, 18, 19]","[0.18, 0.16, 0.07, 0.13, 0.22, 0.23]"
"[6, 1, 11, 6, 11, 6]","[0.15, 0.02, 0.27, 0.15, 0.27, 0.15]"
"[16, 4, 12, 11, 5, 12]","[0.27, 0.07, 0.2, 0.18, 0.08, 0.2]"
"[18, 17, 8, 6, 10, 14]","[0.25, 0.23, 0.11, 0.08, 0.14, 0.19]"
"[4, 2, 5, 18, 9, 2]","[0.1, 0.05, 0.12, 0.45, 0.23, 0.05]"
"[18, 14, 4, 2, 8, 10]","[0.32, 0.25, 0.07, 0.04, 0.14, 0.18]"
"[9, 2, 11, 10, 4, 13]","[0.18, 0.04, 0.22, 0.2, 0.08, 0.27]"
"[15, 9, 3, 13, 11, 2]","[0.28, 0.17, 0.06, 0.25, 0.21, 0.04]"
"[19, 11, 8, 4, 10, 14]","[0.29, 0.17, 0.12, 0.06, 0.15, 0.21]"
"[10, 15, 5, 2, 8, 17]","[0.18, 0.26, 0.09, 0.04, 0.14, 0.3]"
"[14, 19, 14, 18, 6, 15]","[0.16, 0.22, 0.16, 0.21, 0.07, 0.17]"
"[13, 20, 8, 17, 16, 6]","[0.16, 0.25, 0.1, 0.21, 0.2, 0.07]"
"[20, 15, 9, 3, 3, 6]","[0.36, 0.27, 0.16, 0.05, 0.05, 0.11]"
"[1, 7, 15, 7, 19, 20]","[0.01, 0.1, 0.22, 0.1, 0.28, 0.29]"
"[18, 8, 3, 8, 9, 15]","[0.3, 0.13, 0.05, 0.13, 0.15, 0.25]"
"[2, 19, 8, 2, 20, 6]","[0.04, 0.33, 0.14, 0.04, 0.35, 0.11]"
"[18, 5, 2, 8, 15, 11]","[0.31, 0.08, 0.03, 0.14, 0.25, 0.19]"
"[10, 12, 2, 5, 13, 3]","[0.22, 0.27, 0.04, 0.11, 0.29, 0.07]"
"[17, 2, 2, 15, 7, 14]","[0.3, 0.04, 0.04, 0.26, 0.12, 0.25]"
"[15, 14, 20, 1, 7, 20]","[0.19, 0.18, 0.26, 0.01, 0.09, 0.26]"
"[15, 12, 18, 16, 10, 18]","[0.17, 0.13, 0.2, 0.18, 0.11, 0.2]"
"[13, 12, 9, 11, 14, 5]","[0.2, 0.19, 0.14, 0.17, 0.22, 0.08]"
"[18, 1, 4, 12, 2, 1]","[0.47, 0.03, 0.11, 0.32, 0.05, 0.03]"
"[6, 12, 8, 8, 4, 16]","[0.11, 0.22, 0.15, 0.15, 0.07, 0.3]"
"[4, 5, 19, 6, 20, 4]","[0.07, 0.09, 0.33, 0.1, 0.34, 0.07]"
"[18, 17, 3, 8, 20, 16]","[0.22, 0.21, 0.04, 0.1, 0.24, 0.2]"
"[2, 20, 7, 18, 11, 9]","[0.03, 0.3, 0.1, 0.27, 0.16, 0.13]"
"[18, 2, 2, 9, 7, 1]","[0.46, 0.05, 0.05, 0.23, 0.18, 0.03]"
"[10, 4, 12, 7, 8, 4]","[0.22, 0.09, 0.27, 0.16, 0.18, 0.09]"
"[10, 16, 13, 13, 9, 11]","[0.14, 0.22, 0.18, 0.18, 0.12, 0.15]"
"[5, 15, 4, 13, 5, 19]","[0.08, 0.25, 0.07, 0.21, 0.08, 0.31]"
"[20, 7, 4, 17, 19, 19]","[0.23, 0.08, 0.05, 0.2, 0.22, 0.22]"
"[6, 6, 16, 7, 7, 3]","[0.13, 0.13, 0.36, 0.16, 0.16, 0.07]"
"[15, 11, 13, 11, 7, 17]","[0.2, 0.15, 0.18, 0.15, 0.09, 0.23]"
"[5, 14, 10, 1, 19, 20]","[0.07, 0.2, 0.14, 0.01, 0.28, 0.29]"
"[4, 10, 3, 15, 17, 1]","[0.08, 0.2, 0.06, 0.3, 0.34, 0.02]"
"[11, 11, 13, 6, 9, 3]","[0.21, 0.21, 0.25, 0.11, 0.17, 0.06]"
"[7, 9, 17, 6, 11, 9]","[0.12, 0.15, 0.29, 0.1, 0.19, 0.15]"
"[18, 18, 18, 18, 2, 6]","[0.23, 0.23, 0.23, 0.23, 0.03, 0.07]"
"[11, 14, 7, 4, 2, 13]","[0.22, 0.27, 0.14, 0.08, 0.04, 0.25]"
"[1, 6, 13, 19, 18, 8]","[0.02, 0.09, 0.2, 0.29, 0.28, 0.12]"
"[10, 17, 4, 1, 12, 6]","[0.2, 0.34, 0.08, 0.02, 0.24, 0.12]"
"[3, 12, 12, 9, 20, 12]","[0.04, 0.18, 0.18, 0.13, 0.29, 0.18]"
"[1, 1, 6, 15, 6, 1]","[0.03, 0.03, 0.2, 0.5, 0.2, 0.03]"
"[8, 1, 11, 13, 3, 19]","[0.15, 0.02, 0.2, 0.24, 0.05, 0.35]"
"[15, 14, 19, 19, 5, 19]","[0.16, 0.15, 0.21, 0.21, 0.05, 0.21]"
"[4, 8, 3, 8, 14, 5]","[0.1, 0.19, 0.07, 0.19, 0.33, 0.12]"
"[1, 3, 1, 10, 19, 2]","[0.03, 0.08, 0.03, 0.28, 0.53, 0.06]"
"[4, 9, 14, 7, 4, 11]","[0.08, 0.18, 0.29, 0.14, 0.08, 0.22]"
"[18, 8, 16, 19, 15, 13]","[0.2, 0.09, 0.18, 0.21, 0.17, 0.15]"
"[17, 4, 5, 11, 19, 7]","[0.27, 0.06, 0.08, 0.17, 0.3, 0.11]"
"[11, 1, 18, 15, 20, 20]","[0.13, 0.01, 0.21, 0.18, 0.24, 0.24]"
"[3, 20, 13, 4, 10, 13]","[0.05, 0.32, 0.21, 0.06, 0.16, 0.21]"
"[17, 14, 9, 2, 2, 16]","[0.28, 0.23, 0.15, 0.03, 0.03, 0.27]"
"[14, 9, 19, 11, 8, 5]","[0.21, 0.14, 0.29, 0.17, 0.12, 0.08]"
"[17, 2, 20, 12, 16, 10]","[0.22, 0.03, 0.26, 0.16, 0.21, 0.13]"
"[11, 10, 1, 8, 14, 2]","[0.24, 0.22, 0.02, 0.17, 0.3, 0.04]"
"[1, 16, 15, 16, 10, 1]","[0.02, 0.27, 0.25, 0.27, 0.17, 0.02]"
"[10, 19, 5, 16, 6, 13]","[0.14, 0.28, 0.07, 0.23, 0.09, 0.19]"
"[4, 7, 3, 10, 11, 2]","[0.11, 0.19, 0.08, 0.27, 0.3, 0.05]"
"[19, 13, 6, 20, 15, 12]","[0.22, 0.15, 0.07, 0.24, 0.18, 0.14]"
"[4, 19, 4, 18, 14, 15]","[0.05, 0.26, 0.05, 0.24, 0.19, 0.2]"
"[9, 17, 3, 7, 2, 15]","[0.17, 0.32, 0.06, 0.13, 0.04, 0.28]"
"[4, 8, 7, 6, 16, 6]","[0.09, 0.17, 0.15, 0.13, 0.34, 0.13]"
"[12, 5, 14, 15, 12, 4]","[0.19, 0.08, 0.23, 0.24, 0.19, 0.06]"
"[9, 1, 7, 3, 10, 19]","[0.18, 0.02, 0.14, 0.06, 0.2, 0.39]"
"[7, 13, 1, 19, 19, 6]","[0.11, 0.2, 0.02, 0.29, 0.29, 0.09]"
"[3, 19, 8, 7, 3, 14]","[0.06, 0.35, 0.15, 0.13, 0.06, 0.26]"
"[10, 17, 2, 18, 2, 18]","[0.15, 0.25, 0.03, 0.27, 0.03, 0.27]"
"[13, 18, 1, 13, 15, 1]","[0.21, 0.3, 0.02, 0.21, 0.25, 0.02]"
"[8, 16, 3, 15, 1, 19]","[0.13, 0.26, 0.05, 0.24, 0.02, 0.31]"
"[1, 14, 5, 16, 4, 8]","[0.02, 0.29, 0.1, 0.33, 0.08, 0.17]"
"[14, 8, 3, 17, 8, 12]","[0.23, 0.13, 0.05, 0.27, 0.13, 0.19]"
"[6, 17, 12, 11, 12, 2]","[0.1, 0.28, 0.2, 0.18, 0.2, 0.03]"
"[15, 12, 9, 12, 18, 2]","[0.22, 0.18, 0.13, 0.18, 0.26, 0.03]"
"[4, 7, 3, 1, 10, 2]","[0.15, 0.26, 0.11, 0.04, 0.37, 0.07]"
"[9, 10, 14, 5, 16, 13]","[0.13, 0.15, 0.21, 0.07, 0.24, 0.19]"
"[16, 11, 2, 12, 16, 14]","[0.23, 0.15, 0.03, 0.17, 0.23, 0.2]"
"[10, 3, 18, 13, 10, 17]","[0.14, 0.04, 0.25, 0.18, 0.14, 0.24]"
"[16, 9, 10, 10, 18, 3]","[0.24, 0.14, 0.15, 0.15, 0.27, 0.05]"
"[19, 15, 16, 9, 11, 5]","[0.25, 0.2, 0.21, 0.12, 0.15, 0.07]"
"[20, 19, 16, 11, 6, 10]","[0.24, 0.23, 0.2, 0.13, 0.07, 0.12]"
"[16, 11, 2, 17, 8, 8]","[0.26, 0.18, 0.03, 0.27, 0.13, 0.13]"
"[15, 6, 17, 8, 4, 18]","[0.22, 0.09, 0.25, 0.12, 0.06, 0.26]"
"[10, 16, 2, 10, 8, 5]","[0.2, 0.31, 0.04, 0.2, 0.16, 0.1]"
"[3, 1, 6, 2, 20, 6]","[0.08, 0.03, 0.16, 0.05, 0.53, 0.16]"
"[8, 16, 17, 4, 7, 13]","[0.12, 0.25, 0.26, 0.06, 0.11, 0.2]"
"[14, 13, 8, 1, 2, 11]","[0.29, 0.27, 0.16, 0.02, 0.04, 0.22]"
"[9, 2, 1, 4, 19, 4]","[0.23, 0.05, 0.03, 0.1, 0.49, 0.1]"
"[16, 15, 9, 11, 2, 11]","[0.25, 0.23, 0.14, 0.17, 0.03, 0.17]"
"[19, 8, 8, 20, 5, 10]","[0.27, 0.11, 0.11, 0.29, 0.07, 0.14]"
"[1, 16, 6, 16, 6, 7]","[0.02, 0.31, 0.12, 0.31, 0.12, 0.13]"
"[5, 16, 7, 5, 20, 6]","[0.08, 0.27, 0.12, 0.08, 0.34, 0.1]"
"[1, 1, 17, 17, 2, 1]","[0.03, 0.03, 0.44, 0.44, 0.05, 0.03]"
"[19, 15, 9, 1, 5, 9]","[0.33, 0.26, 0.16, 0.02, 0.09, 0.16]"
"[5, 11, 18, 9, 12, 12]","[0.07, 0.16, 0.27, 0.13, 0.18, 0.18]"
"[1, 4, 9, 1, 11, 1]","[0.04, 0.15, 0.33, 0.04, 0.41, 0.04]"
"[16, 1, 17, 20, 6, 2]","[0.26, 0.02, 0.27, 0.32, 0.1, 0.03]"
"[18, 3, 2, 9, 16, 6]","[0.33, 0.06, 0.04, 0.17, 0.3, 0.11]"
"[16, 7, 6, 19, 6, 15]","[0.23, 0.1, 0.09, 0.28, 0.09, 0.22]"
"[16, 18, 5, 4, 16, 1]","[0.27, 0.3, 0.08, 0.07, 0.27, 0.02]"
"[14, 12, 3, 8, 15, 13]","[0.22, 0.18, 0.05, 0.12, 0.23, 0.2]"
"[3, 6, 3, 6, 17, 1]","[0.08, 0.17, 0.08, 0.17, 0.47, 0.03]"
"[9, 10, 2, 7, 20, 3]","[0.18, 0.2, 0.04, 0.14, 0.39, 0.06]"
"[3, 18, 11, 13, 3, 13]","[0.05, 0.3, 0.18, 0.21, 0.05, 0.21]"
"[15, 13, 15, 17, 16, 3]","[0.19, 0.16, 0.19, 0.22, 0.2, 0.04]"
"[13, 11, 9, 10, 2, 11]","[0.23, 0.2, 0.16, 0.18, 0.04, 0.2]"
"[7, 5, 18, 17, 20, 18]","[0.08, 0.06, 0.21, 0.2, 0.24, 0.21]"
"[2, 12, 15, 5, 17, 19]","[0.03, 0.17, 0.21, 0.07, 0.24, 0.27]"
"[12, 5, 6, 11, 20, 13]","[0.18, 0.07, 0.09, 0.16, 0.3, 0.19]"
"[19, 5, 3, 19, 7, 11]","[0.3, 0.08, 0.05, 0.3, 0.11, 0.17]"
"[10, 2, 5, 5, 10, 19]","[0.2, 0.04, 0.1, 0.1, 0.2, 0.37]"
"[17, 6, 19, 20, 2, 6]","[0.24, 0.09, 0.27, 0.29, 0.03, 0.09]"
"[20, 18, 20, 8, 18, 16]","[0.2, 0.18, 0.2, 0.08, 0.18, 0.16]"
"[18, 1, 3, 4, 15, 15]","[0.32, 0.02, 0.05, 0.07, 0.27, 0.27]"
"[15, 8, 5, 9, 7, 14]","[0.26, 0.14, 0.09, 0.16, 0.12, 0.24]"
"[10, 6, 10, 4, 1, 1]","[0.31, 0.19, 0.31, 0.12, 0.03, 0.03]"
"[20, 18, 17, 17, 4, 13]","[0.22, 0.2, 0.19, 0.19, 0.04, 0.15]"
"[9, 5, 14, 12, 2, 14]","[0.16, 0.09, 0.25, 0.21, 0.04, 0.25]"
"[14, 7, 11, 4, 11, 18]","[0.22, 0.11, 0.17, 0.06, 0.17, 0.28]"
"[9, 14, 18, 3, 8, 2]","[0.17, 0.26, 0.33, 0.06, 0.15, 0.04]"
"[18, 10, 13, 6, 5, 18]","[0.26, 0.14, 0.19, 0.09, 0.07, 0.26]"
"[19, 17, 20, 14, 19, 12]","[0.19, 0.17, 0.2, 0.14, 0.19, 0.12]"
"[16, 8, 5, 6, 16, 1]","[0.31, 0.15, 0.1, 0.12, 0.31, 0.02]"
"[19, 4, 4, 11, 11, 17]","[0.29, 0.06, 0.06, 0.17, 0.17, 0.26]"
"[3, 17, 16, 16, 12, 18]","[0.04, 0.21, 0.2, 0.2, 0.15, 0.22]"
"[3, 2, 15, 11, 5, 20]","[0.05, 0.04, 0.27, 0.2, 0.09, 0.36]"
"[2, 8, 8, 10, 2, 5]","[0.06, 0.23, 0.23, 0.29, 0.06, 0.14]"
"[10, 9, 15, 14, 5, 16]","[0.14, 0.13, 0.22, 0.2, 0.07, 0.23]"
"[6, 12, 13, 19, 19, 5]","[0.08, 0.16, 0.18, 0.26, 0.26, 0.07]"
"[6, 1, 9, 6, 5, 2]","[0.21, 0.03, 0.31, 0.21, 0.17, 0.07]"
"[14, 7, 15, 11, 20, 6]","[0.19, 0.1, 0.21, 0.15, 0.27, 0.08]"
"[2, 18, 11, 18, 19, 16]","[0.02, 0.21, 0.13, 0.21, 0.23, 0.19]"
"[9, 20, 8, 3, 10, 20]","[0.13, 0.29, 0.11, 0.04, 0.14, 0.29]"
"[7, 6, 4, 19, 7, 12]","[0.13, 0.11, 0.07, 0.35, 0.13, 0.22]"
"[12, 12, 5, 14, 10, 20]","[0.16, 0.16, 0.07, 0.19, 0.14, 0.27]"
"[19, 12, 9, 17, 19, 8]","[0.23, 0.14, 0.11, 0.2, 0.23, 0.1]"
"[6, 5, 17, 19, 11, 5]","[0.1, 0.08, 0.27, 0.3, 0.17, 0.08]"
"[10, 11, 5, 14, 20, 9]","[0.14, 0.16, 0.07, 0.2, 0.29, 0.13]"
"[13, 2, 6, 19, 1, 19]","[0.22, 0.03, 0.1, 0.32, 0.02, 0.32]"
"[5, 19, 17, 4, 16, 16]","[0.06, 0.25, 0.22, 0.05, 0.21, 0.21]"
"[19, 11, 16, 6, 13, 15]","[0.24, 0.14, 0.2, 0.07, 0.16, 0.19]"
"[14, 18, 18, 7, 5, 8]","[0.2, 0.26, 0.26, 0.1, 0.07, 0.11]"
"[20, 12, 14, 17, 15, 3]","[0.25, 0.15, 0.17, 0.21, 0.19, 0.04]"
"[17, 5, 20, 15, 6, 1]","[0.27, 0.08, 0.31, 0.23, 0.09, 0.02]"
"[5, 7, 8, 2, 3, 3]","[0.18, 0.25, 0.29, 0.07, 0.11, 0.11]"
"[17, 2, 19, 3, 2, 6]","[0.35, 0.04, 0.39, 0.06, 0.04, 0.12]"
"[18, 15, 7, 1, 10, 1]","[0.35, 0.29, 0.13, 0.02, 0.19, 0.02]"
"[12, 4, 17, 14, 7, 4]","[0.21, 0.07, 0.29, 0.24, 0.12, 0.07]"
"[9, 17, 16, 19, 17, 17]","[0.09, 0.18, 0.17, 0.2, 0.18, 0.18]"
"[19, 10, 10, 8, 16, 20]","[0.23, 0.12, 0.12, 0.1, 0.19, 0.24]"
"[13, 17, 13, 2, 2, 4]","[0.25, 0.33, 0.25, 0.04, 0.04, 0.08]"
"[9, 12, 7, 9, 8, 1]","[0.2, 0.26, 0.15, 0.2, 0.17, 0.02]"
"[17, 15, 16, 8, 11, 9]","[0.22, 0.2, 0.21, 0.11, 0.14, 0.12]"
"[5, 5, 10, 7, 1, 12]","[0.12, 0.12, 0.25, 0.17, 0.03, 0.3]"
"[9, 6, 5, 19, 6, 16]","[0.15, 0.1, 0.08, 0.31, 0.1, 0.26]"
"[18, 12, 10, 3, 12, 15]","[0.26, 0.17, 0.14, 0.04, 0.17, 0.21]"
"[13, 4, 4, 17, 6, 7]","[0.25, 0.08, 0.08, 0.33, 0.12, 0.14]"
"[19, 10, 6, 11, 7, 5]","[0.33, 0.17, 0.1, 0.19, 0.12, 0.09]"
"[17, 14, 20, 9, 1, 11]","[0.24, 0.19, 0.28, 0.12, 0.01, 0.15]"
"[16, 5, 1, 5, 2, 5]","[0.47, 0.15, 0.03, 0.15, 0.06, 0.15]"
"[7, 8, 15, 17, 18, 19]","[0.08, 0.1, 0.18, 0.2, 0.21, 0.23]"
"[10, 3, 9, 19, 15, 13]","[0.14, 0.04, 0.13, 0.28, 0.22, 0.19]"
"[18, 9, 1, 18, 7, 7]","[0.3, 0.15, 0.02, 0.3, 0.12, 0.12]"
"[18, 4, 13, 15, 3, 12]","[0.28, 0.06, 0.2, 0.23, 0.05, 0.18]"
"[9, 11, 13, 15, 19, 6]","[0.12, 0.15, 0.18, 0.21, 0.26, 0.08]"
"[1, 1, 2, 20, 7, 9]","[0.03, 0.03, 0.05, 0.5, 0.17, 0.23]"
"[3, 10, 8, 17, 2, 17]","[0.05, 0.18, 0.14, 0.3, 0.04, 0.3]"
"[16, 20, 12, 3, 10, 20]","[0.2, 0.25, 0.15, 0.04, 0.12, 0.25]"
"[11, 10, 12, 15, 18, 7]","[0.15, 0.14, 0.16, 0.21, 0.25, 0.1]"
"[2, 1, 17, 1, 8, 12]","[0.05, 0.02, 0.41, 0.02, 0.2, 0.29]"
"[13, 17, 9, 15, 16, 6]","[0.17, 0.22, 0.12, 0.2, 0.21, 0.08]"
"[20, 10, 8, 8, 17, 19]","[0.24, 0.12, 0.1, 0.1, 0.21, 0.23]"
"[1, 18, 15, 10, 12, 18]","[0.01, 0.24, 0.2, 0.14, 0.16, 0.24]"
"[17, 4, 2, 17, 20, 5]","[0.26, 0.06, 0.03, 0.26, 0.31, 0.08]"
"[5, 7, 1, 6, 6, 1]","[0.19, 0.27, 0.04, 0.23, 0.23, 0.04]"
"[20, 17, 4, 16, 14, 12]","[0.24, 0.2, 0.05, 0.19, 0.17, 0.14]"
"[4, 12, 9, 14, 12, 6]","[0.07, 0.21, 0.16, 0.25, 0.21, 0.11]"
"[12, 13, 6, 13, 15, 15]","[0.16, 0.18, 0.08, 0.18, 0.2, 0.2]"
"[8, 16, 5, 13, 11, 2]","[0.15, 0.29, 0.09, 0.24, 0.2, 0.04]"
"[13, 5, 19, 9, 3, 18]","[0.19, 0.07, 0.28, 0.13, 0.04, 0.27]"
"[18, 2, 16, 16, 15, 14]","[0.22, 0.02, 0.2, 0.2, 0.19, 0.17]"
"[11, 12, 19, 8, 1, 8]","[0.19, 0.2, 0.32, 0.14, 0.02, 0.14]"
"[7, 5, 12, 7, 1, 13]","[0.16, 0.11, 0.27, 0.16, 0.02, 0.29]"
"[18, 1, 4, 18, 3, 20]","[0.28, 0.02, 0.06, 0.28, 0.05, 0.31]"
"[3, 5, 9, 18, 10, 8]","[0.06, 0.09, 0.17, 0.34, 0.19, 0.15]"
"[13, 13, 7, 13, 15, 8]","[0.19, 0.19, 0.1, 0.19, 0.22, 0.12]"
"[12, 11, 2, 3, 15, 2]","[0.27, 0.24, 0.04, 0.07, 0.33, 0.04]"
"[12, 7, 16, 10, 2, 19]","[0.18, 0.11, 0.24, 0.15, 0.03, 0.29]"
"[20, 3, 19, 19, 17, 12]","[0.22, 0.03, 0.21, 0.21, 0.19, 0.13]"
"[8, 19, 12, 20, 14, 12]","[0.09, 0.22, 0.14, 0.24, 0.16, 0.14]"
"[17, 16, 9, 5, 5, 15]","[0.25, 0.24, 0.13, 0.07, 0.07, 0.22]"
"[17, 17, 6, 18, 16, 5]","[0.22, 0.22, 0.08, 0.23, 0.2, 0.06]"
"[12, 3, 8, 3, 4, 17]","[0.26, 0.06, 0.17, 0.06, 0.09, 0.36]"
"[6, 3, 2, 2, 13, 19]","[0.13, 0.07, 0.04, 0.04, 0.29, 0.42]"
"[5, 12, 4, 1, 9, 7]","[0.13, 0.32, 0.11, 0.03, 0.24, 0.18]"
"[8, 10, 12, 4, 15, 11]","[0.13, 0.17, 0.2, 0.07, 0.25, 0.18]"
"[10, 16, 8, 5, 1, 13]","[0.19, 0.3, 0.15, 0.09, 0.02, 0.25]"
"[16, 12, 14, 7, 14, 11]","[0.22, 0.16, 0.19, 0.09, 0.19, 0.15]"
"[10, 19, 20, 6, 7, 19]","[0.12, 0.23, 0.25, 0.07, 0.09, 0.23]"
"[13, 4, 20, 2, 12, 1]","[0.25, 0.08, 0.38, 0.04, 0.23, 0.02]"
"[12, 2, 2, 18, 9, 18]","[0.2, 0.03, 0.03, 0.3, 0.15, 0.3]"
"[20, 13, 10, 7, 14, 7]","[0.28, 0.18, 0.14, 0.1, 0.2, 0.1]"
"[15, 13, 3, 7, 4, 4]","[0.33, 0.28, 0.07, 0.15, 0.09, 0.09]"
"[5, 11, 20, 2, 17, 2]","[0.09, 0.19, 0.35, 0.04, 0.3, 0.04]"
"[15, 9, 3, 11, 7, 6]","[0.29, 0.18, 0.06, 0.22, 0.14, 0.12]"
"[18, 1, 15, 12, 20, 15]","[0.22, 0.01, 0.19, 0.15, 0.25, 0.19]"
"[1, 6, 17, 9, 11, 8]","[0.02, 0.12, 0.33, 0.17, 0.21, 0.15]"
"[19, 11, 17, 11, 7, 4]","[0.28, 0.16, 0.25, 0.16, 0.1, 0.06]"
"[14, 18, 15, 7, 15, 18]","[0.16, 0.21, 0.17, 0.08, 0.17, 0.21]"
"[10, 2, 10, 10, 11, 2]","[0.22, 0.04, 0.22, 0.22, 0.24, 0.04]"
"[7, 12, 5, 10, 6, 18]","[0.12, 0.21, 0.09, 0.17, 0.1, 0.31]"
"[1, 8, 9, 1, 18, 3]","[0.03, 0.2, 0.23, 0.03, 0.45, 0.07]"
"[1, 12, 1, 14, 14, 2]","[0.02, 0.27, 0.02, 0.32, 0.32, 0.05]"
"[2, 12, 20, 6, 14, 12]","[0.03, 0.18, 0.3, 0.09, 0.21, 0.18]"
"[5, 17, 5, 12, 17, 19]","[0.07, 0.23, 0.07, 0.16, 0.23, 0.25]"
"[15, 3, 11, 18, 16, 3]","[0.23, 0.05, 0.17, 0.27, 0.24, 0.05]"
"[14, 20, 13, 16, 19, 17]","[0.14, 0.2, 0.13, 0.16, 0.19, 0.17]"
"[9, 19, 11, 7, 10, 17]","[0.12, 0.26, 0.15, 0.1, 0.14, 0.23]"
"[9, 18, 1, 4, 5, 15]","[0.17, 0.35, 0.02, 0.08, 0.1, 0.29]"
"[14, 1, 14, 4, 20, 17]","[0.2, 0.01, 0.2, 0.06, 0.29, 0.24]"
"[3, 5, 13, 7, 6, 13]","[0.06, 0.11, 0.28, 0.15, 0.13, 0.28]"
"[9, 9, 10, 18, 7, 16]","[0.13, 0.13, 0.14, 0.26, 0.1, 0.23]"
"[16, 3, 13, 2, 5, 17]","[0.29, 0.05, 0.23, 0.04, 0.09, 0.3]"
"[12, 18, 19, 12, 14, 15]","[0.13, 0.2, 0.21, 0.13, 0.16, 0.17]"
"[8, 11, 17, 3, 4, 20]","[0.13, 0.17, 0.27, 0.05, 0.06, 0.32]"
"[9, 12, 5, 13, 12, 13]","[0.14, 0.19, 0.08, 0.2, 0.19, 0.2]"
"[7, 14, 1, 9, 2, 9]","[0.17, 0.33, 0.02, 0.21, 0.05, 0.21]"
"[2, 20, 4, 11, 8, 4]","[0.04, 0.41, 0.08, 0.22, 0.16, 0.08]"
"[14, 6, 2, 10, 17, 4]","[0.26, 0.11, 0.04, 0.19, 0.32, 0.08]"
"[17, 7, 15, 20, 17, 6]","[0.21, 0.09, 0.18, 0.24, 0.21, 0.07]"
"[8, 12, 16, 9, 20, 11]","[0.11, 0.16, 0.21, 0.12, 0.26, 0.14]"
"[4, 17, 8, 13, 7, 7]","[0.07, 0.3, 0.14, 0.23, 0.12, 0.12]"
"[20, 6, 3, 13, 12, 7]","[0.33, 0.1, 0.05, 0.21, 0.2, 0.11]"
"[13, 4, 19, 20, 15, 15]","[0.15, 0.05, 0.22, 0.23, 0.17, 0.17]"
"[14, 17, 2, 16, 3, 12]","[0.22, 0.27, 0.03, 0.25, 0.05, 0.19]"
"[20, 10, 9, 6, 8, 13]","[0.3, 0.15, 0.14, 0.09, 0.12, 0.2]"
"[9, 18, 6, 14, 11, 11]","[0.13, 0.26, 0.09, 0.2, 0.16, 0.16]"
"[19, 3, 6, 12, 9, 20]","[0.28, 0.04, 0.09, 0.17, 0.13, 0.29]"
"[5, 3, 10, 7, 11, 12]","[0.1, 0.06, 0.21, 0.15, 0.23, 0.25]"
"[19, 19, 2, 11, 15, 16]","[0.23, 0.23, 0.02, 0.13, 0.18, 0.2]"
"[12, 1, 18, 1, 7, 5]","[0.27, 0.02, 0.41, 0.02, 0.16, 0.11]"
"[8, 7, 18, 8, 6, 3]","[0.16, 0.14, 0.36, 0.16, 0.12, 0.06]"
"[20, 10, 15, 6, 16, 6]","[0.27, 0.14, 0.21, 0.08, 0.22, 0.08]"
"[11, 12, 12, 13, 12, 1]","[0.18, 0.2, 0.2, 0.21, 0.2, 0.02]"
"[19, 4, 6, 16, 9, 19]","[0.26, 0.05, 0.08, 0.22, 0.12, 0.26]"
"[4, 9, 16, 13, 18, 10]","[0.06, 0.13, 0.23, 0.19, 0.26, 0.14]"
"[10, 16, 8, 20, 1, 16]","[0.14, 0.23, 0.11, 0.28, 0.01, 0.23]"
"[15, 9, 19, 15, 19, 8]","[0.18, 0.11, 0.22, 0.18, 0.22, 0.09]"
"[20, 17, 19, 1, 10, 16]","[0.24, 0.2, 0.23, 0.01, 0.12, 0.19]"
"[3, 17, 7, 14, 6, 11]","[0.05, 0.29, 0.12, 0.24, 0.1, 0.19]"
"[10, 5, 18, 10, 15, 11]","[0.14, 0.07, 0.26, 0.14, 0.22, 0.16]"
"[13, 2, 2, 20, 2, 3]","[0.31, 0.05, 0.05, 0.48, 0.05, 0.07]"
"[2, 11, 1, 11, 10, 7]","[0.05, 0.26, 0.02, 0.26, 0.24, 0.17]"
"[2, 6, 1, 10, 18, 2]","[0.05, 0.15, 0.03, 0.26, 0.46, 0.05]"
"[20, 10, 7, 11, 2, 8]","[0.34, 0.17, 0.12, 0.19, 0.03, 0.14]"
"[2, 4, 10, 17, 20, 17]","[0.03, 0.06, 0.14, 0.24, 0.29, 0.24]"
"[15, 3, 15, 5, 11, 16]","[0.23, 0.05, 0.23, 0.08, 0.17, 0.25]"
"[9, 17, 10, 17, 2, 7]","[0.15, 0.27, 0.16, 0.27, 0.03, 0.11]"
"[18, 12, 3, 10, 19, 3]","[0.28, 0.18, 0.05, 0.15, 0.29, 0.05]"
"[15, 2, 18, 16, 13, 5]","[0.22, 0.03, 0.26, 0.23, 0.19, 0.07]"
"[11, 3, 14, 16, 4, 4]","[0.21, 0.06, 0.27, 0.31, 0.08, 0.08]"
"[19, 1, 20, 13, 5, 15]","[0.26, 0.01, 0.27, 0.18, 0.07, 0.21]"
"[15, 19, 20, 13, 20, 10]","[0.15, 0.2, 0.21, 0.13, 0.21, 0.1]"
"[10, 18, 11, 15, 15, 9]","[0.13, 0.23, 0.14, 0.19, 0.19, 0.12]"
"[10, 12, 4, 9, 9, 14]","[0.17, 0.21, 0.07, 0.16, 0.16, 0.24]"
"[7, 17, 6, 19, 3, 3]","[0.13, 0.31, 0.11, 0.35, 0.05, 0.05]"
"[14, 20, 9, 20, 16, 14]","[0.15, 0.22, 0.1, 0.22, 0.17, 0.15]"
"[2, 14, 11, 3, 5, 20]","[0.04, 0.25, 0.2, 0.05, 0.09, 0.36]"
"[13, 4, 13, 13, 12, 12]","[0.19, 0.06, 0.19, 0.19, 0.18, 0.18]"
"[2, 2, 14, 19, 14, 19]","[0.03, 0.03, 0.2, 0.27, 0.2, 0.27]"
"[5, 2, 12, 17, 6, 13]","[0.09, 0.04, 0.22, 0.31, 0.11, 0.24]"
"[9, 1, 6, 9, 4, 11]","[0.23, 0.03, 0.15, 0.23, 0.1, 0.28]"
"[8, 2, 2, 6, 17, 7]","[0.19, 0.05, 0.05, 0.14, 0.4, 0.17]"
"[15, 8, 12, 1, 12, 3]","[0.29, 0.16, 0.24, 0.02, 0.24, 0.06]"
"[8, 7, 4, 2, 11, 3]","[0.23, 0.2, 0.11, 0.06, 0.31, 0.09]"
"[12, 5, 4, 16, 15, 10]","[0.19, 0.08, 0.06, 0.26, 0.24, 0.16]"
"[2, 1, 7, 6, 8, 12]","[0.06, 0.03, 0.19, 0.17, 0.22, 0.33]"
"[3, 5, 15, 15, 20, 11]","[0.04, 0.07, 0.22, 0.22, 0.29, 0.16]"
"[18, 10, 13, 2, 11, 7]","[0.3, 0.16, 0.21, 0.03, 0.18, 0.11]"
"[4, 10, 6, 15, 1, 13]","[0.08, 0.2, 0.12, 0.31, 0.02, 0.27]"
"[14, 15, 3, 12, 10, 6]","[0.23, 0.25, 0.05, 0.2, 0.17, 0.1]"
"[5, 14, 10, 19, 7, 12]","[0.07, 0.21, 0.15, 0.28, 0.1, 0.18]"
"[18, 9, 11, 15, 8, 1]","[0.29, 0.15, 0.18, 0.24, 0.13, 0.02]"
"[4, 13, 7, 18, 2, 4]","[0.08, 0.27, 0.15, 0.38, 0.04, 0.08]"
"[12, 7, 3, 10, 12, 2]","[0.26, 0.15, 0.07, 0.22, 0.26, 0.04]"
"[9, 7, 17, 2, 4, 17]","[0.16, 0.12, 0.3, 0.04, 0.07, 0.3]"
"[1, 9, 5, 6, 4, 4]","[0.03, 0.31, 0.17, 0.21, 0.14, 0.14]"
"[10, 12, 8, 13, 13, 13]","[0.14, 0.17, 0.12, 0.19, 0.19, 0.19]"
"[17, 16, 10, 3, 20, 13]","[0.22, 0.2, 0.13, 0.04, 0.25, 0.16]"
"[9, 2, 4, 5, 18, 12]","[0.18, 0.04, 0.08, 0.1, 0.36, 0.24]"
"[3, 1, 5, 11, 13, 14]","[0.06, 0.02, 0.11, 0.23, 0.28, 0.3]"
"[11, 17, 6, 11, 2, 17]","[0.17, 0.27, 0.09, 0.17, 0.03, 0.27]"
"[19, 17, 18, 8, 5, 6]","[0.26, 0.23, 0.25, 0.11, 0.07, 0.08]"
"[17, 4, 5, 19, 20, 7]","[0.24, 0.06, 0.07, 0.26, 0.28, 0.1]"
"[19, 10, 2, 9, 4, 4]","[0.4, 0.21, 0.04, 0.19, 0.08, 0.08]"
"[13, 6, 4, 8, 14, 2]","[0.28, 0.13, 0.09, 0.17, 0.3, 0.04]"
"[9, 6, 13, 20, 19, 19]","[0.1, 0.07, 0.15, 0.23, 0.22, 0.22]"
"[12, 9, 20, 19, 1, 10]","[0.17, 0.13, 0.28, 0.27, 0.01, 0.14]"
"[3, 6, 17, 20, 7, 7]","[0.05, 0.1, 0.28, 0.33, 0.12, 0.12]"
"[4, 1, 4, 11, 19, 1]","[0.1, 0.03, 0.1, 0.28, 0.47, 0.03]"
"[5, 14, 4, 17, 17, 5]","[0.08, 0.23, 0.06, 0.27, 0.27, 0.08]"
"[13, 19, 12, 7, 11, 16]","[0.17, 0.24, 0.15, 0.09, 0.14, 0.21]"
"[9, 9, 17, 13, 5, 12]","[0.14, 0.14, 0.26, 0.2, 0.08, 0.18]"
"[8, 13, 4, 6, 3, 11]","[0.18, 0.29, 0.09, 0.13, 0.07, 0.24]"
"[18, 15, 1, 3, 16, 1]","[0.33, 0.28, 0.02, 0.06, 0.3, 0.02]"
"[8, 12, 9, 20, 11, 15]","[0.11, 0.16, 0.12, 0.27, 0.15, 0.2]"
"[11, 8, 19, 9, 15, 18]","[0.14, 0.1, 0.24, 0.11, 0.19, 0.23]"
"[16, 17, 3, 7, 2, 3]","[0.33, 0.35, 0.06, 0.15, 0.04, 0.06]"
"[18, 2, 10, 13, 16, 1]","[0.3, 0.03, 0.17, 0.22, 0.27, 0.02]"
"[17, 13, 5, 13, 9, 10]","[0.25, 0.19, 0.07, 0.19, 0.13, 0.15]"
"[5, 7, 5, 5, 13, 12]","[0.11, 0.15, 0.11, 0.11, 0.28, 0.26]"
"[14, 13, 1, 6, 9, 11]","[0.26, 0.24, 0.02, 0.11, 0.17, 0.2]"
"[16, 12, 7, 10, 2, 9]","[0.29, 0.21, 0.12, 0.18, 0.04, 0.16]"
"[20, 10, 2, 13, 20, 4]","[0.29, 0.14, 0.03, 0.19, 0.29, 0.06]"
"[9, 14, 7, 3, 17, 2]","[0.17, 0.27, 0.13, 0.06, 0.33, 0.04]"
"[8, 13, 3, 11, 18, 2]","[0.15, 0.24, 0.05, 0.2, 0.33, 0.04]"
"[2, 19, 11, 13, 9, 17]","[0.03, 0.27, 0.15, 0.18, 0.13, 0.24]"
"[5, 18, 17, 5, 4, 5]","[0.09, 0.33, 0.31, 0.09, 0.07, 0.09]"
"[13, 20, 14, 1, 6, 19]","[0.18, 0.27, 0.19, 0.01, 0.08, 0.26]"
"[12, 1, 10, 1, 9, 4]","[0.32, 0.03, 0.27, 0.03, 0.24, 0.11]"
"[6, 17, 18, 3, 10, 11]","[0.09, 0.26, 0.28, 0.05, 0.15, 0.17]"
"[14, 5, 5, 9, 18, 15]","[0.21, 0.08, 0.08, 0.14, 0.27, 0.23]"
"[18, 3, 1, 13, 19, 11]","[0.28, 0.05, 0.02, 0.2, 0.29, 0.17]"
"[11, 7, 9, 16, 4, 2]","[0.22, 0.14, 0.18, 0.33, 0.08, 0.04]"
"[5, 5, 20, 10, 8, 4]","[0.1, 0.1, 0.38, 0.19, 0.15, 0.08]"
"[12, 13, 18, 14, 5, 14]","[0.16, 0.17, 0.24, 0.18, 0.07, 0.18]"
"[8, 18, 10, 17, 20, 19]","[0.09, 0.2, 0.11, 0.18, 0.22, 0.21]"
"[11, 6, 16, 12, 13, 17]","[0.15, 0.08, 0.21, 0.16, 0.17, 0.23]"
"[11, 8, 12, 19, 4, 8]","[0.18, 0.13, 0.19, 0.31, 0.06, 0.13]"
"[10, 7, 10, 17, 15, 15]","[0.14, 0.09, 0.14, 0.23, 0.2, 0.2]"
"[10, 15, 9, 7, 19, 15]","[0.13, 0.2, 0.12, 0.09, 0.25, 0.2]"
"[13, 11, 10, 14, 5, 2]","[0.24, 0.2, 0.18, 0.25, 0.09, 0.04]"
"[19, 12, 14, 10, 10, 6]","[0.27, 0.17, 0.2, 0.14, 0.14, 0.08]"
"[17, 1, 15, 17, 8, 4]","[0.27, 0.02, 0.24, 0.27, 0.13, 0.06]"
"[16, 4, 4, 14, 8, 3]","[0.33, 0.08, 0.08, 0.29, 0.16, 0.06]"
"[1, 1, 2, 10, 18, 11]","[0.02, 0.02, 0.05, 0.23, 0.42, 0.26]"
"[6, 16, 15, 13, 1, 6]","[0.11, 0.28, 0.26, 0.23, 0.02, 0.11]"
"[20, 5, 8, 8, 11, 5]","[0.35, 0.09, 0.14, 0.14, 0.19, 0.09]"
"[20, 15, 7, 20, 13, 1]","[0.26, 0.2, 0.09, 0.26, 0.17, 0.01]"
"[19, 13, 15, 1, 20, 15]","[0.23, 0.16, 0.18, 0.01, 0.24, 0.18]"
"[4, 5, 5, 13, 5, 1]","[0.12, 0.15, 0.15, 0.39, 0.15, 0.03]"
"[1, 9, 19, 20, 20, 20]","[0.01, 0.1, 0.21, 0.22, 0.22, 0.22]"
"[14, 18, 11, 15, 5, 12]","[0.19, 0.24, 0.15, 0.2, 0.07, 0.16]"
"[16, 17, 10, 9, 9, 15]","[0.21, 0.22, 0.13, 0.12, 0.12, 0.2]"
"[2, 1, 11, 15, 13, 17]","[0.03, 0.02, 0.19, 0.25, 0.22, 0.29]"
"[12, 13, 4, 4, 3, 5]","[0.29, 0.32, 0.1, 0.1, 0.07, 0.12]"
"[11, 20, 14, 8, 9, 12]","[0.15, 0.27, 0.19, 0.11, 0.12, 0.16]"
"[16, 6, 16, 8, 18, 7]","[0.23, 0.08, 0.23, 0.11, 0.25, 0.1]"
"[17, 11, 15, 14, 20, 16]","[0.18, 0.12, 0.16, 0.15, 0.22, 0.17]"
"[7, 5, 13, 5, 5, 17]","[0.13, 0.1, 0.25, 0.1, 0.1, 0.33]"
"[3, 5, 8, 19, 13, 16]","[0.05, 0.08, 0.12, 0.3, 0.2, 0.25]"
"[9, 6, 9, 3, 4, 4]","[0.26, 0.17, 0.26, 0.09, 0.11, 0.11]"
"[17, 4, 8, 7, 18, 4]","[0.29, 0.07, 0.14, 0.12, 0.31, 0.07]"
"[1, 3, 2, 18, 14, 10]","[0.02, 0.06, 0.04, 0.38, 0.29, 0.21]"
"[6, 3, 2, 13, 6, 4]","[0.18, 0.09, 0.06, 0.38, 0.18, 0.12]"
"[10, 7, 4, 8, 19, 6]","[0.19, 0.13, 0.07, 0.15, 0.35, 0.11]"
"[11, 14, 14, 8, 15, 9]","[0.15, 0.2, 0.2, 0.11, 0.21, 0.13]"
"[18, 6, 8, 16, 2, 16]","[0.27, 0.09, 0.12, 0.24, 0.03, 0.24]"
"[3, 12, 2, 16, 5, 13]","[0.06, 0.24, 0.04, 0.31, 0.1, 0.25]"
"[19, 2, 3, 9, 11, 7]","[0.37, 0.04, 0.06, 0.18, 0.22, 0.14]"
"[14, 6, 16, 13, 8, 11]","[0.21, 0.09, 0.24, 0.19, 0.12, 0.16]"
"[12, 16, 10, 13, 5, 7]","[0.19, 0.25, 0.16, 0.21, 0.08, 0.11]"
"[15, 8, 11, 20, 15, 12]","[0.19, 0.1, 0.14, 0.25, 0.19, 0.15]"
"[17, 8, 4, 3, 6, 7]","[0.38, 0.18, 0.09, 0.07, 0.13, 0.16]"
"[15, 4, 12, 16, 16, 19]","[0.18, 0.05, 0.15, 0.2, 0.2, 0.23]"
"[18, 11, 2, 6, 9, 13]","[0.31, 0.19, 0.03, 0.1, 0.15, 0.22]"
"[16, 2, 4, 4, 3, 3]","[0.5, 0.06, 0.12, 0.12, 0.09, 0.09]"
"[12, 14, 10, 11, 15, 6]","[0.18, 0.21, 0.15, 0.16, 0.22, 0.09]"
"[4, 14, 13, 20, 9, 13]","[0.05, 0.19, 0.18, 0.27, 0.12, 0.18]"
"[3, 8, 15, 15, 4, 3]","[0.06, 0.17, 0.31, 0.31, 0.08, 0.06]"
"[11, 10, 8, 6, 15, 16]","[0.17, 0.15, 0.12, 0.09, 0.23, 0.24]"
"[15, 4, 15, 4, 10, 12]","[0.25, 0.07, 0.25, 0.07, 0.17, 0.2]"
"[1, 17, 14, 5, 14, 7]","[0.02, 0.29, 0.24, 0.09, 0.24, 0.12]"
"[4, 9, 15, 10, 20, 8]","[0.06, 0.14, 0.23, 0.15, 0.3, 0.12]"
"[7, 3, 2, 5, 6, 9]","[0.22, 0.09, 0.06, 0.16, 0.19, 0.28]"
"[11, 5, 3, 15, 3, 20]","[0.19, 0.09, 0.05, 0.26, 0.05, 0.35]"
"[1, 18, 19, 7, 3, 13]","[0.02, 0.3, 0.31, 0.11, 0.05, 0.21]"
"[8, 10, 18, 3, 14, 15]","[0.12, 0.15, 0.26, 0.04, 0.21, 0.22]"
"[4, 2, 16, 15, 9, 19]","[0.06, 0.03, 0.25, 0.23, 0.14, 0.29]"
"[4, 3, 5, 14, 15, 14]","[0.07, 0.05, 0.09, 0.25, 0.27, 0.25]"
"[10, 3, 20, 7, 2, 17]","[0.17, 0.05, 0.34, 0.12, 0.03, 0.29]"
"[15, 19, 20, 7, 6, 16]","[0.18, 0.23, 0.24, 0.08, 0.07, 0.19]"
"[18, 3, 5, 19, 9, 5]","[0.31, 0.05, 0.08, 0.32, 0.15, 0.08]"
"[13, 6, 16, 12, 4, 2]","[0.25, 0.11, 0.3, 0.23, 0.08, 0.04]"
"[13, 7, 13, 7, 18, 5]","[0.21, 0.11, 0.21, 0.11, 0.29, 0.08]"
"[5, 5, 5, 7, 9, 2]","[0.15, 0.15, 0.15, 0.21, 0.27, 0.06]"
"[13, 12, 8, 5, 8, 8]","[0.24, 0.22, 0.15, 0.09, 0.15, 0.15]"
"[5, 18, 16, 2, 16, 4]","[0.08, 0.3, 0.26, 0.03, 0.26, 0.07]"
"[15, 10, 8, 1, 17, 3]","[0.28, 0.19, 0.15, 0.02, 0.31, 0.06]"
"[14, 1, 2, 12, 7, 18]","[0.26, 0.02, 0.04, 0.22, 0.13, 0.33]"
"[2, 7, 12, 14, 16, 18]","[0.03, 0.1, 0.17, 0.2, 0.23, 0.26]"
"[4, 16, 3, 3, 20, 10]","[0.07, 0.29, 0.05, 0.05, 0.36, 0.18]"
"[1, 12, 10, 16, 2, 19]","[0.02, 0.2, 0.17, 0.27, 0.03, 0.32]"
"[17, 8, 9, 12, 18, 9]","[0.23, 0.11, 0.12, 0.16, 0.25, 0.12]"
"[3, 6, 13, 11, 9, 10]","[0.06, 0.12, 0.25, 0.21, 0.17, 0.19]"
"[19, 19, 20, 17, 18, 11]","[0.18, 0.18, 0.19, 0.16, 0.17, 0.11]"
"[16, 1, 13, 6, 2, 5]","[0.37, 0.02, 0.3, 0.14, 0.05, 0.12]"
"[16, 2, 14, 7, 8, 10]","[0.28, 0.04, 0.25, 0.12, 0.14, 0.18]"
